sample_alias,study_code,spire_sample_name,longitude,latitude,geographic_location,location_resolution,collection_date,collection_date_end,last_change,tax_id,environment_material,environment_biome,environmental_package,environment_feature,artificial,elevation_meters,depth_meters,pH,temperature,mean_annual_precipitation_mm,mean_annual_temperature,pmid,doi,location,filtration_upper_threshold_um,filtration_lower_threshold_um,calcium_mg_l,nitrate_nitrite_uM,temperature_range,food_name,land_use_full,strain,time_period,isolation_source,phosphorus_uM,nitrite_uM,ammonium_uM,host_tax_id,site_description,carbon_dioxide_uM,total_manganese_uM,original_sample_name,sampling_campaign,ph_range,butyrate_uM,acetate_uM,host_tax_scientific_name,sulfide_uM,total_nitrate,infant_ID,ferric_iron_uM,formate_uM,ammonium_mg_l,Field_nominal_C,phosphate_uM,filtration_lower_threshold,sulfate_uM,iron_uM,nitrate_mg_l,total_dissolved_nitrogen_uM,vegetation,sulfate_mg_l,note,full_description,chloride_mg_l,manganese_uM,oxygen_uM,location_name,potassium_mg_l,land_use_category,water_depth_meters,plant,ferrous_uM,sampling_site,total_organic_carbon,ferrous_iron_uM,salinity,DESCRIPTION,hydrosulfide_uM,specific_material,enriched_soil,total_iron_uM,silicate_uM,DOL_range,propionate_uM,sodium_mg_l,salinity_ppt,dissolved_organic_carbon_uM,nitrite_mg_l,added_matter,climatic_zone,vegetation_full,nitrogen_percent,nitrate_uM,sampling_platform,sample_description,host_common_name,filtration_lower_threshold_kDa,iron_mg_l,phosphorus_mg_l,dissolved_oxygen_uM,sample_title,oxygen_mg_l,methane_uM,magnesium_mg_l,pH_range,host_scientific_name,nitrogen_dioxide_uM,study_accession,salinity_ppm
Chu_2017_sludge.BF1,Chu_2017_sludge,SAMN07135119,-87.6579573,44.0823076,USA,exact_location,2015-07-14,,2024-08-07 16:38:52.389555,527639,waste water [ENVO:00002001],aquatic biome [ENVO:00002030],misc,waste water [ENVO:00002001],,,,,,,,29269503,10.1128/AEM.02168-17,"USA: Manitowoc, WI",,,,,,,,,,,,,,,,,,,,,,,,,,,,,,,,,,,,,,,,,,,,,,,,,,,,,,,,,,,,,,,,,,,,,,,,,,,,,,Manitowoc Influent 1,,,,,,,,
Chu_2017_sludge.BF2,Chu_2017_sludge,SAMN07135120,-87.6579573,44.0823076,USA,exact_location,2015-07-14,,2024-08-07 16:38:52.389555,527639,waste water [ENVO:00002001],aquatic biome [ENVO:00002030],misc,waste water [ENVO:00002001],,,,,,,,29269503,10.1128/AEM.02168-17,"USA: Manitowoc, WI",,,,,,,,,,,,,,,,,,,,,,,,,,,,,,,,,,,,,,,,,,,,,,,,,,,,,,,,,,,,,,,,,,,,,,,,,,,,,,Manitowoc Influent 2,,,,,,,,
Chu_2017_sludge.BF3,Chu_2017_sludge,SAMN07135121,-87.6579573,44.0823076,USA,exact_location,2015-07-14,,2024-08-07 16:38:52.389555,527639,waste water [ENVO:00002001],aquatic biome [ENVO:00002030],misc,waste water [ENVO:00002001],,,,,,,,29269503,10.1128/AEM.02168-17,"USA: Manitowoc, WI",,,,,,,,,,,,,,,,,,,,,,,,,,,,,,,,,,,,,,,,,,,,,,,,,,,,,,,,,,,,,,,,,,,,,,,,,,,,,,Manitowoc Influent 3,,,,,,,,
Chu_2017_sludge.BFP,Chu_2017_sludge,SAMN07135122,-87.6579573,44.0823076,USA,exact_location,2015-07-14,,2024-08-07 16:38:52.389555,527639,waste water [ENVO:00002001],aquatic biome [ENVO:00002030],misc,waste water [ENVO:00002001],,,,,,,,29269503,10.1128/AEM.02168-17,"USA: Manitowoc, WI",,,,,,,,,,,,,,,,,,,,,,,,,,,,,,,,,,,,,,,,,,,,,,,,,,,,,,,,,,,,,,,,,,,,,,,,,,,,,,Manitowoc Influent Prefilter,,,,,,,,
Chu_2017_sludge.E1,Chu_2017_sludge,SAMN06928184,-87.6579573,44.0823076,USA,exact_location,2015-07-14,,2024-08-07 16:38:52.389555,449393,waste water [ENVO:00002001],aquatic biome [ENVO:00002030],water,waste water [ENVO:00002001],,,,,,,,29269503,10.1128/AEM.02168-17,"USA: Manitowoc, WI",,,,,,,,,,,,,,,,,,,,,,,,,,,,,,,,,,,,,,,,,,,,,,,,,,,,,,,,,,,,,,,,,,,,,,,,Manitowoc wastewater treatment plant effluent (0.22um filter),,,,,,Metagenome or environmental sample from freshwater metagenome,,,,,,,,
Chu_2017_sludge.E2,Chu_2017_sludge,SAMN06928185,-87.6579573,44.0823076,USA,exact_location,2015-07-14,,2024-08-07 16:38:52.389555,449393,waste water [ENVO:00002001],aquatic biome [ENVO:00002030],water,waste water [ENVO:00002001],,,,,,,,29269503,10.1128/AEM.02168-17,"USA: Manitowoc, WI",,,,,,,,,,,,,,,,,,,,,,,,,,,,,,,,,,,,,,,,,,,,,,,,,,,,,,,,,,,,,,,,,,,,,,,,Manitowoc wastewater treatment plant effluent (0.22um filter),,,,,,Metagenome or environmental sample from freshwater metagenome,,,,,,,,
Chu_2017_sludge.E3,Chu_2017_sludge,SAMN06928186,-87.6579573,44.0823076,USA,exact_location,2015-07-14,,2024-08-07 16:38:52.389555,449393,waste water [ENVO:00002001],aquatic biome [ENVO:00002030],water,waste water [ENVO:00002001],,,,,,,,29269503,10.1128/AEM.02168-17,"USA: Manitowoc, WI",,,,,,,,,,,,,,,,,,,,,,,,,,,,,,,,,,,,,,,,,,,,,,,,,,,,,,,,,,,,,,,,,,,,,,,,Manitowoc wastewater treatment plant effluent (0.22um filter),,,,,,Metagenome or environmental sample from freshwater metagenome,,,,,,,,
Chu_2017_sludge.E_P,Chu_2017_sludge,SAMN06928183,-87.6579573,44.0823076,USA,exact_location,2015-07-14,,2024-08-07 16:38:52.389555,449393,waste water [ENVO:00002001],aquatic biome [ENVO:00002030],water,waste water [ENVO:00002001],,,,,,,,29269503,10.1128/AEM.02168-17,"USA: Manitowoc, WI",,,,,,,,,,,,,,,,,,,,,,,,,,,,,,,,,,,,,,,,,,,,,,,,,,,,,,,,,,,,,,,,,,,,,,,,Manitowoc wastewater treatment plant effluent (1.6um filter),,,,,,Metagenome or environmental sample from freshwater metagenome,,,,,,,,
Chu_2017_sludge.FS1,Chu_2017_sludge,SAMN07135126,-87.6579573,44.0823076,USA,exact_location,2015-07-14,,2024-08-07 16:38:52.389555,527639,sludge [ENVO:00002044],aquatic biome [ENVO:00002030],misc,waste water [ENVO:00002001],,,,,,,,29269503,10.1128/AEM.02168-17,"USA: Manitowoc, WI",,,,,,,,,,,,,,,,,,,,,,,,,,,,,,,,,,,,,,,,,,,,,,,,,,,,,,,,,,,,,,,,,,,,,,,,,,,,,,Manitowoc Final Sludge 1,,,,,,,,
Chu_2017_sludge.FS2,Chu_2017_sludge,SAMN07135127,-87.6579573,44.0823076,USA,exact_location,2015-07-14,,2024-08-07 16:38:52.389555,527639,sludge [ENVO:00002044],aquatic biome [ENVO:00002030],misc,waste water [ENVO:00002001],,,,,,,,29269503,10.1128/AEM.02168-17,"USA: Manitowoc, WI",,,,,,,,,,,,,,,,,,,,,,,,,,,,,,,,,,,,,,,,,,,,,,,,,,,,,,,,,,,,,,,,,,,,,,,,,,,,,,Manitowoc Final Sludge 2,,,,,,,,
Chu_2017_sludge.FS3,Chu_2017_sludge,SAMN07135128,-87.6579573,44.0823076,USA,exact_location,2015-07-14,,2024-08-07 16:38:52.389555,527639,sludge [ENVO:00002044],aquatic biome [ENVO:00002030],misc,waste water [ENVO:00002001],,,,,,,,29269503,10.1128/AEM.02168-17,"USA: Manitowoc, WI",,,,,,,,,,,,,,,,,,,,,,,,,,,,,,,,,,,,,,,,,,,,,,,,,,,,,,,,,,,,,,,,,,,,,,,,,,,,,,Manitowoc Final Sludge 3,,,,,,,,
Chu_2017_sludge.LMS11,Chu_2017_sludge,SAMN06915721,-87.0003,42.38342,USA,exact_location,2015-08-04,,2024-08-07 16:38:52.389555,556182,sediment [ENVO:00002007],aquatic biome [ENVO:00002030],sediment,waste water [ENVO:00002001],,,,,,,,29269503,10.1128/AEM.02168-17,USA: Lake Michigan,,,,,,,,,,,,,,,,,,,,,,,,,,,,,,,,,,,,,,,,,,,,,,,,,,,,,,,,,,,,,,,,,,,,,,,,"Lake Michigan sediment collected in the middle of the lake, station 11",,,,,,Metagenome or environmental sample from freshwater sediment metagenome,,,,,,,,
Chu_2017_sludge.LMS18,Chu_2017_sludge,SAMN06915722,-87.001823,42.732918,USA,exact_location,2015-08-04,,2024-08-07 16:38:52.389555,556182,sediment [ENVO:00002007],aquatic biome [ENVO:00002030],sediment,waste water [ENVO:00002001],,,,,,,,29269503,10.1128/AEM.02168-17,USA: Lake Michigan,,,,,,,,,,,,,,,,,,,,,,,,,,,,,,,,,,,,,,,,,,,,,,,,,,,,,,,,,,,,,,,,,,,,,,,,"Lake Michigan sediment collected in the middle of the lake, station 18",,,,,,Metagenome or environmental sample from freshwater sediment metagenome,,,,,,,,
Chu_2017_sludge.LMS41,Chu_2017_sludge,SAMN06915723,-86.721512,44.736718,USA,exact_location,2015-08-05,,2024-08-07 16:38:52.389555,556182,sediment [ENVO:00002007],aquatic biome [ENVO:00002030],sediment,waste water [ENVO:00002001],,,,,,,,29269503,10.1128/AEM.02168-17,USA: Lake Michigan,,,,,,,,,,,,,,,,,,,,,,,,,,,,,,,,,,,,,,,,,,,,,,,,,,,,,,,,,,,,,,,,,,,,,,,,"Lake Michigan sediment collected in the middle of the lake, station 41",,,,,,Metagenome or environmental sample from freshwater sediment metagenome,,,,,,,,
Chu_2017_sludge.M1,Chu_2017_sludge,SAMN06915703,-87.6056887,44.1043833,USA,exact_location,2015-07-14,,2024-08-07 16:38:52.389555,556182,sediment [ENVO:00002007],aquatic biome [ENVO:00002030],sediment,waste water [ENVO:00002001],,,,,,,,29269503,10.1128/AEM.02168-17,"USA: Manitowoc, WI",,,,,,,,,,,,,,,,,,,,,,,,,,,,,,,,,,,,,,,,,,,,,,,,,,,,,,,,,,,,,,,,,,,,,,,,Lake Michigan sediment in site 1 near Manitocwoc WWTP,,,,,,Metagenome or environmental sample from freshwater sediment metagenome,,,,,,,,
Chu_2017_sludge.M10,Chu_2017_sludge,SAMN06915710,-87.611622,44.0808667,USA,exact_location,2015-07-14,,2024-08-07 16:38:52.389555,556182,sediment [ENVO:00002007],aquatic biome [ENVO:00002030],sediment,waste water [ENVO:00002001],,,,,,,,29269503,10.1128/AEM.02168-17,"USA: Manitowoc, WI",,,,,,,,,,,,,,,,,,,,,,,,,,,,,,,,,,,,,,,,,,,,,,,,,,,,,,,,,,,,,,,,,,,,,,,,Lake Michigan sediment in site 10 near Manitocwoc WWTP,,,,,,Metagenome or environmental sample from freshwater sediment metagenome,,,,,,,,
Chu_2017_sludge.M11,Chu_2017_sludge,SAMN06915711,-87.6110554,44.0884667,USA,exact_location,2015-07-14,,2024-08-07 16:38:52.389555,556182,sediment [ENVO:00002007],aquatic biome [ENVO:00002030],sediment,waste water [ENVO:00002001],,,,,,,,29269503,10.1128/AEM.02168-17,"USA: Manitowoc, WI",,,,,,,,,,,,,,,,,,,,,,,,,,,,,,,,,,,,,,,,,,,,,,,,,,,,,,,,,,,,,,,,,,,,,,,,Lake Michigan sediment in site 11 near Manitocwoc WWTP,,,,,,Metagenome or environmental sample from freshwater sediment metagenome,,,,,,,,
Chu_2017_sludge.M12,Chu_2017_sludge,SAMN06915712,-87.608572,44.0965833,USA,exact_location,2015-07-14,,2024-08-07 16:38:52.389555,556182,sediment [ENVO:00002007],aquatic biome [ENVO:00002030],sediment,waste water [ENVO:00002001],,,,,,,,29269503,10.1128/AEM.02168-17,"USA: Manitowoc, WI",,,,,,,,,,,,,,,,,,,,,,,,,,,,,,,,,,,,,,,,,,,,,,,,,,,,,,,,,,,,,,,,,,,,,,,,Lake Michigan sediment in site 12 near Manitocwoc WWTP,,,,,,Metagenome or environmental sample from freshwater sediment metagenome,,,,,,,,
Chu_2017_sludge.M13,Chu_2017_sludge,SAMN06915713,-87.6195387,44.0911333,USA,exact_location,2015-07-14,,2024-08-07 16:38:52.389555,556182,sediment [ENVO:00002007],aquatic biome [ENVO:00002030],sediment,waste water [ENVO:00002001],,,,,,,,29269503,10.1128/AEM.02168-17,"USA: Manitowoc, WI",,,,,,,,,,,,,,,,,,,,,,,,,,,,,,,,,,,,,,,,,,,,,,,,,,,,,,,,,,,,,,,,,,,,,,,,Lake Michigan sediment in site 13 near Manitocwoc WWTP,,,,,,Metagenome or environmental sample from freshwater sediment metagenome,,,,,,,,
Chu_2017_sludge.M14,Chu_2017_sludge,SAMN06915714,-87.6268387,44.0854833,USA,exact_location,2015-07-14,,2024-08-07 16:38:52.389555,556182,sediment [ENVO:00002007],aquatic biome [ENVO:00002030],sediment,waste water [ENVO:00002001],,,,,,,,29269503,10.1128/AEM.02168-17,"USA: Manitowoc, WI",,,,,,,,,,,,,,,,,,,,,,,,,,,,,,,,,,,,,,,,,,,,,,,,,,,,,,,,,,,,,,,,,,,,,,,,Lake Michigan sediment in site 14 near Manitocwoc WWTP,,,,,,Metagenome or environmental sample from freshwater sediment metagenome,,,,,,,,
Chu_2017_sludge.M3,Chu_2017_sludge,SAMN06915704,-87.6363054,44.09845,USA,exact_location,2015-07-14,,2024-08-07 16:38:52.389555,556182,sediment [ENVO:00002007],aquatic biome [ENVO:00002030],sediment,waste water [ENVO:00002001],,,,,,,,29269503,10.1128/AEM.02168-17,"USA: Manitowoc, WI",,,,,,,,,,,,,,,,,,,,,,,,,,,,,,,,,,,,,,,,,,,,,,,,,,,,,,,,,,,,,,,,,,,,,,,,Lake Michigan sediment in site 3 near Manitocwoc WWTP,,,,,,Metagenome or environmental sample from freshwater sediment metagenome,,,,,,,,
Chu_2017_sludge.M4,Chu_2017_sludge,SAMN06915705,-87.6424554,44.09515,USA,exact_location,2015-07-14,,2024-08-07 16:38:52.389555,556182,sediment [ENVO:00002007],aquatic biome [ENVO:00002030],sediment,waste water [ENVO:00002001],,,,,,,,29269503,10.1128/AEM.02168-17,"USA: Manitowoc, WI",,,,,,,,,,,,,,,,,,,,,,,,,,,,,,,,,,,,,,,,,,,,,,,,,,,,,,,,,,,,,,,,,,,,,,,,Lake Michigan sediment in site 4 near Manitocwoc WWTP,,,,,,Metagenome or environmental sample from freshwater sediment metagenome,,,,,,,,
Chu_2017_sludge.M5,Chu_2017_sludge,SAMN06915706,-87.64555,44.08858,USA,exact_location,2015-07-14,,2024-08-07 16:38:52.389555,556182,sediment [ENVO:00002007],aquatic biome [ENVO:00002030],sediment,waste water [ENVO:00002001],,,,,,,,29269503,10.1128/AEM.02168-17,"USA: Manitowoc, WI",,,,,,,,,,,,,,,,,,,,,,,,,,,,,,,,,,,,,,,,,,,,,,,,,,,,,,,,,,,,,,,,,,,,,,,,Lake Michigan sediment in site 5 near Manitocwoc WWTP,,,,,,Metagenome or environmental sample from freshwater sediment metagenome,,,,,,,,
Chu_2017_sludge.M7,Chu_2017_sludge,SAMN06915707,-87.649372,44.0789333,USA,exact_location,2015-07-14,,2024-08-07 16:38:52.389555,556182,sediment [ENVO:00002007],aquatic biome [ENVO:00002030],sediment,waste water [ENVO:00002001],,,,,,,,29269503,10.1128/AEM.02168-17,"USA: Manitowoc, WI",,,,,,,,,,,,,,,,,,,,,,,,,,,,,,,,,,,,,,,,,,,,,,,,,,,,,,,,,,,,,,,,,,,,,,,,Lake Michigan sediment in site 7 near Manitocwoc WWTP,,,,,,Metagenome or environmental sample from freshwater sediment metagenome,,,,,,,,
Chu_2017_sludge.M8,Chu_2017_sludge,SAMN06915708,-87.612772,44.0733667,USA,exact_location,2015-07-14,,2024-08-07 16:38:52.389555,556182,sediment [ENVO:00002007],aquatic biome [ENVO:00002030],sediment,waste water [ENVO:00002001],,,,,,,,29269503,10.1128/AEM.02168-17,"USA: Manitowoc, WI",,,,,,,,,,,,,,,,,,,,,,,,,,,,,,,,,,,,,,,,,,,,,,,,,,,,,,,,,,,,,,,,,,,,,,,,Lake Michigan sediment in site 8 near Manitocwoc WWTP,,,,,,Metagenome or environmental sample from freshwater sediment metagenome,,,,,,,,
Chu_2017_sludge.M9,Chu_2017_sludge,SAMN06915709,-87.612772,44.0705167,USA,exact_location,2015-07-14,,2024-08-07 16:38:52.389555,556182,sediment [ENVO:00002007],aquatic biome [ENVO:00002030],sediment,waste water [ENVO:00002001],,,,,,,,29269503,10.1128/AEM.02168-17,"USA: Manitowoc, WI",,,,,,,,,,,,,,,,,,,,,,,,,,,,,,,,,,,,,,,,,,,,,,,,,,,,,,,,,,,,,,,,,,,,,,,,Lake Michigan sediment in site 9 near Manitocwoc WWTP,,,,,,Metagenome or environmental sample from freshwater sediment metagenome,,,,,,,,
Chu_2017_sludge.PS1,Chu_2017_sludge,SAMN07135123,-87.6579573,44.0823076,USA,exact_location,2015-07-14,,2024-08-07 16:38:52.389555,527639,sludge [ENVO:00002044],aquatic biome [ENVO:00002030],misc,waste water [ENVO:00002001],,,,,,,,29269503,10.1128/AEM.02168-17,"USA: Manitowoc, WI",,,,,,,,,,,,,,,,,,,,,,,,,,,,,,,,,,,,,,,,,,,,,,,,,,,,,,,,,,,,,,,,,,,,,,,,,,,,,,Manitowoc Primary Sludge 1,,,,,,,,
Chu_2017_sludge.PS2,Chu_2017_sludge,SAMN07135124,-87.6579573,44.0823076,USA,exact_location,2015-07-14,,2024-08-07 16:38:52.389555,527639,sludge [ENVO:00002044],aquatic biome [ENVO:00002030],misc,waste water [ENVO:00002001],,,,,,,,29269503,10.1128/AEM.02168-17,"USA: Manitowoc, WI",,,,,,,,,,,,,,,,,,,,,,,,,,,,,,,,,,,,,,,,,,,,,,,,,,,,,,,,,,,,,,,,,,,,,,,,,,,,,,Manitowoc Primary Sludge 2,,,,,,,,
Chu_2017_sludge.PS3,Chu_2017_sludge,SAMN07135125,-87.6579573,44.0823076,USA,exact_location,2015-07-14,,2024-08-07 16:38:52.389555,527639,sludge [ENVO:00002044],aquatic biome [ENVO:00002030],misc,waste water [ENVO:00002001],,,,,,,,29269503,10.1128/AEM.02168-17,"USA: Manitowoc, WI",,,,,,,,,,,,,,,,,,,,,,,,,,,,,,,,,,,,,,,,,,,,,,,,,,,,,,,,,,,,,,,,,,,,,,,,,,,,,,Manitowoc Primary Sludge 3,,,,,,,,
Chu_2017_sludge.S2,Chu_2017_sludge,SAMN06915716,-87.698377,43.72969,USA,exact_location,2015-07-15,,2024-08-07 16:38:52.389555,556182,sediment [ENVO:00002007],aquatic biome [ENVO:00002030],sediment,waste water [ENVO:00002001],,,,,,,,29269503,10.1128/AEM.02168-17,"USA: Sheboygan, WI",,,,,,,,,,,,,,,,,,,,,,,,,,,,,,,,,,,,,,,,,,,,,,,,,,,,,,,,,,,,,,,,,,,,,,,,Lake Michigan sediment in site 2 near Sheboygan WWTP,,,,,,Metagenome or environmental sample from freshwater sediment metagenome,,,,,,,,
Chu_2017_sludge.S3,Chu_2017_sludge,SAMN06915717,-87.695972,43.729418,USA,exact_location,2015-07-15,,2024-08-07 16:38:52.389555,556182,sediment [ENVO:00002007],aquatic biome [ENVO:00002030],sediment,waste water [ENVO:00002001],,,,,,,,29269503,10.1128/AEM.02168-17,"USA: Sheboygan, WI",,,,,,,,,,,,,,,,,,,,,,,,,,,,,,,,,,,,,,,,,,,,,,,,,,,,,,,,,,,,,,,,,,,,,,,,Lake Michigan sediment in site 3 near Sheboygan WWTP,,,,,,Metagenome or environmental sample from freshwater sediment metagenome,,,,,,,,
Chu_2017_sludge.S4,Chu_2017_sludge,SAMN06915718,-87.684798,43.729607,USA,exact_location,2015-07-15,,2024-08-07 16:38:52.389555,556182,sediment [ENVO:00002007],aquatic biome [ENVO:00002030],sediment,waste water [ENVO:00002001],,,,,,,,29269503,10.1128/AEM.02168-17,"USA: Sheboygan, WI",,,,,,,,,,,,,,,,,,,,,,,,,,,,,,,,,,,,,,,,,,,,,,,,,,,,,,,,,,,,,,,,,,,,,,,,Lake Michigan sediment in site 4 near Sheboygan WWTP,,,,,,Metagenome or environmental sample from freshwater sediment metagenome,,,,,,,,
Chu_2017_sludge.S5,Chu_2017_sludge,SAMN06915719,-87.680082,43.735683,USA,exact_location,2015-07-15,,2024-08-07 16:38:52.389555,556182,sediment [ENVO:00002007],aquatic biome [ENVO:00002030],sediment,waste water [ENVO:00002001],,,,,,,,29269503,10.1128/AEM.02168-17,"USA: Sheboygan, WI",,,,,,,,,,,,,,,,,,,,,,,,,,,,,,,,,,,,,,,,,,,,,,,,,,,,,,,,,,,,,,,,,,,,,,,,Lake Michigan sediment in site 5 near Sheboygan WWTP,,,,,,Metagenome or environmental sample from freshwater sediment metagenome,,,,,,,,
Chu_2017_sludge.S6,Chu_2017_sludge,SAMN06915720,-87.68504,43.723898,USA,exact_location,2015-07-15,,2024-08-07 16:38:52.389555,556182,sediment [ENVO:00002007],aquatic biome [ENVO:00002030],sediment,waste water [ENVO:00002001],,,,,,,,29269503,10.1128/AEM.02168-17,"USA: Sheboygan, WI",,,,,,,,,,,,,,,,,,,,,,,,,,,,,,,,,,,,,,,,,,,,,,,,,,,,,,,,,,,,,,,,,,,,,,,,Lake Michigan sediment in site 6 near Sheboygan WWTP,,,,,,Metagenome or environmental sample from freshwater sediment metagenome,,,,,,,,
Chu_2017_sludge.SE1,Chu_2017_sludge,SAMN06928188,-87.708365,43.718756,USA,exact_location,2015-07-15,,2024-08-07 16:38:52.389555,449393,waste water [ENVO:00002001],aquatic biome [ENVO:00002030],water,waste water [ENVO:00002001],,,,,,,,29269503,10.1128/AEM.02168-17,"USA: Sheboygan, WI",,,,,,,,,,,,,,,,,,,,,,,,,,,,,,,,,,,,,,,,,,,,,,,,,,,,,,,,,,,,,,,,,,,,,,,,Sheboygan wastewater treatment plant effluent (0.22um filter),,,,,,Metagenome or environmental sample from freshwater metagenome,,,,,,,,
Chu_2017_sludge.SE2,Chu_2017_sludge,SAMN06928189,-87.708365,43.718756,USA,exact_location,2015-07-15,,2024-08-07 16:38:52.389555,449393,waste water [ENVO:00002001],aquatic biome [ENVO:00002030],water,waste water [ENVO:00002001],,,,,,,,29269503,10.1128/AEM.02168-17,"USA: Sheboygan, WI",,,,,,,,,,,,,,,,,,,,,,,,,,,,,,,,,,,,,,,,,,,,,,,,,,,,,,,,,,,,,,,,,,,,,,,,Sheboygan wastewater treatment plant effluent (0.22um filter),,,,,,Metagenome or environmental sample from freshwater metagenome,,,,,,,,
Chu_2017_sludge.SE3,Chu_2017_sludge,SAMN06928190,-87.708365,43.718756,USA,exact_location,2015-07-15,,2024-08-07 16:38:52.389555,449393,waste water [ENVO:00002001],aquatic biome [ENVO:00002030],water,waste water [ENVO:00002001],,,,,,,,29269503,10.1128/AEM.02168-17,"USA: Sheboygan, WI",,,,,,,,,,,,,,,,,,,,,,,,,,,,,,,,,,,,,,,,,,,,,,,,,,,,,,,,,,,,,,,,,,,,,,,,Sheboygan wastewater treatment plant effluent (0.22um filter),,,,,,Metagenome or environmental sample from freshwater metagenome,,,,,,,,
Chu_2017_sludge.SE_P,Chu_2017_sludge,SAMN06928187,-87.708365,43.718756,USA,exact_location,2015-07-15,,2024-08-07 16:38:52.389555,449393,waste water [ENVO:00002001],aquatic biome [ENVO:00002030],water,waste water [ENVO:00002001],,,,,,,,29269503,10.1128/AEM.02168-17,"USA: Sheboygan, WI",,,,,,,,,,,,,,,,,,,,,,,,,,,,,,,,,,,,,,,,,,,,,,,,,,,,,,,,,,,,,,,,,,,,,,,,Sheboygan wastewater treatment plant effluent (1.6um filter),,,,,,Metagenome or environmental sample from freshwater metagenome,,,,,,,,
Chu_2017_sludge.SI1,Chu_2017_sludge,SAMN07135115,-87.708365,43.718756,USA,exact_location,2015-07-15,,2024-08-07 16:38:52.389555,527639,waste water [ENVO:00002001],aquatic biome [ENVO:00002030],misc,waste water [ENVO:00002001],,,,,,,,29269503,10.1128/AEM.02168-17,"USA: Sheboygan, WI",,,,,,,,,,,,,,,,,,,,,,,,,,,,,,,,,,,,,,,,,,,,,,,,,,,,,,,,,,,,,,,,,,,,,,,,,,,,,,Sheboygan Influent 1,,,,,,,,
Chu_2017_sludge.SI2,Chu_2017_sludge,SAMN07135116,-87.708365,43.718756,USA,exact_location,2015-07-15,,2024-08-07 16:38:52.389555,527639,waste water [ENVO:00002001],aquatic biome [ENVO:00002030],misc,waste water [ENVO:00002001],,,,,,,,29269503,10.1128/AEM.02168-17,"USA: Sheboygan, WI",,,,,,,,,,,,,,,,,,,,,,,,,,,,,,,,,,,,,,,,,,,,,,,,,,,,,,,,,,,,,,,,,,,,,,,,,,,,,,Sheboygan Influent 2,,,,,,,,
Chu_2017_sludge.SI3,Chu_2017_sludge,SAMN07135117,-87.708365,43.718756,USA,exact_location,2015-07-15,,2024-08-07 16:38:52.389555,527639,waste water [ENVO:00002001],aquatic biome [ENVO:00002030],misc,waste water [ENVO:00002001],,,,,,,,29269503,10.1128/AEM.02168-17,"USA: Sheboygan, WI",,,,,,,,,,,,,,,,,,,,,,,,,,,,,,,,,,,,,,,,,,,,,,,,,,,,,,,,,,,,,,,,,,,,,,,,,,,,,,Sheboygan Influent 3,,,,,,,,
Chu_2017_sludge.SIP,Chu_2017_sludge,SAMN07135118,-87.708365,43.718756,USA,exact_location,2015-07-15,,2024-08-07 16:38:52.389555,527639,waste water [ENVO:00002001],aquatic biome [ENVO:00002030],misc,waste water [ENVO:00002001],,,,,,,,29269503,10.1128/AEM.02168-17,"USA: Sheboygan, WI",,,,,,,,,,,,,,,,,,,,,,,,,,,,,,,,,,,,,,,,,,,,,,,,,,,,,,,,,,,,,,,,,,,,,,,,,,,,,,Sheboygan Influent Prefilter,,,,,,,,
Chu_2017_sludge.S_AS1,Chu_2017_sludge,SAMN07135108,-87.708365,43.718756,USA,exact_location,2015-07-15,,2024-08-07 16:38:52.389555,527639,sludge [ENVO:00002044],aquatic biome [ENVO:00002030],misc,waste water [ENVO:00002001],,,,,,,,29269503,10.1128/AEM.02168-17,"USA: Sheboygan, WI",,,,,,,,,,,,,,,,,,,,,,,,,,,,,,,,,,,,,,,,,,,,,,,,,,,,,,,,,,,,,,,,,,,,,,,,,,,,,,Sheboygan Activated Sludge 1,,,,,,,,
Chu_2017_sludge.S_AS2,Chu_2017_sludge,SAMN07135109,-87.708365,43.718756,USA,exact_location,2015-07-15,,2024-08-07 16:38:52.389555,527639,sludge [ENVO:00002044],aquatic biome [ENVO:00002030],misc,waste water [ENVO:00002001],,,,,,,,29269503,10.1128/AEM.02168-17,"USA: Sheboygan, WI",,,,,,,,,,,,,,,,,,,,,,,,,,,,,,,,,,,,,,,,,,,,,,,,,,,,,,,,,,,,,,,,,,,,,,,,,,,,,,Sheboygan Activated Sludge 2,,,,,,,,
Chu_2017_sludge.S_AS3,Chu_2017_sludge,SAMN07135110,-87.708365,43.718756,USA,exact_location,2015-07-15,,2024-08-07 16:38:52.389555,527639,sludge [ENVO:00002044],aquatic biome [ENVO:00002030],misc,waste water [ENVO:00002001],,,,,,,,29269503,10.1128/AEM.02168-17,"USA: Sheboygan, WI",,,,,,,,,,,,,,,,,,,,,,,,,,,,,,,,,,,,,,,,,,,,,,,,,,,,,,,,,,,,,,,,,,,,,,,,,,,,,,Sheboygan Activated Sludge 3,,,,,,,,
Chu_2017_sludge.S_FCW1,Chu_2017_sludge,SAMN07135111,-87.708365,43.718756,USA,exact_location,2015-07-15,,2024-08-07 16:38:52.389555,527639,waste water [ENVO:00002001],aquatic biome [ENVO:00002030],misc,waste water [ENVO:00002001],,,,,,,,29269503,10.1128/AEM.02168-17,"USA: Sheboygan, WI",,,,,,,,,,,,,,,,,,,,,,,,,,,,,,,,,,,,,,,,,,,,,,,,,,,,,,,,,,,,,,,,,,,,,,,,,,,,,,Sheboygan Final Clarifier Water 1,,,,,,,,
Chu_2017_sludge.S_FCW2,Chu_2017_sludge,SAMN07135112,-87.708365,43.718756,USA,exact_location,2015-07-15,,2024-08-07 16:38:52.389555,527639,waste water [ENVO:00002001],aquatic biome [ENVO:00002030],misc,waste water [ENVO:00002001],,,,,,,,29269503,10.1128/AEM.02168-17,"USA: Sheboygan, WI",,,,,,,,,,,,,,,,,,,,,,,,,,,,,,,,,,,,,,,,,,,,,,,,,,,,,,,,,,,,,,,,,,,,,,,,,,,,,,Sheboygan Final Clarifier Water 2,,,,,,,,
Chu_2017_sludge.S_FCW3,Chu_2017_sludge,SAMN07135113,-87.708365,43.718756,USA,exact_location,2015-07-15,,2024-08-07 16:38:52.389555,527639,waste water [ENVO:00002001],aquatic biome [ENVO:00002030],misc,waste water [ENVO:00002001],,,,,,,,29269503,10.1128/AEM.02168-17,"USA: Sheboygan, WI",,,,,,,,,,,,,,,,,,,,,,,,,,,,,,,,,,,,,,,,,,,,,,,,,,,,,,,,,,,,,,,,,,,,,,,,,,,,,,Sheboygan Final Clarifier Water 3,,,,,,,,
Chu_2017_sludge.S_FCWP,Chu_2017_sludge,SAMN07135114,-87.708365,43.718756,USA,exact_location,2015-07-15,,2024-08-07 16:38:52.389555,527639,waste water [ENVO:00002001],aquatic biome [ENVO:00002030],misc,waste water [ENVO:00002001],,,,,,,,29269503,10.1128/AEM.02168-17,"USA: Sheboygan, WI",,,,,,,,,,,,,,,,,,,,,,,,,,,,,,,,,,,,,,,,,,,,,,,,,,,,,,,,,,,,,,,,,,,,,,,,,,,,,,Sheboygan Final Clarifier Water Prefilter,,,,,,,,
Lekunberri_2018_river_wastewater.DOWN1,Lekunberri_2018_river_wastewater,SAMN06052522,2.831897,42.025312,Spain,city,2016-04-18,,2024-08-07 17:22:45.284924,1169740,river water [ENVO:01000599],wastewater treatment plant [ENVO:00002043],water,waste water [ENVO:00002001],,,,,,,,29220785,10.1016/j.envpol.2017.12.001,Spain: Girona,,,,,,,,,,,,,,,,,,,,,,,,,,,,,,,,,,,,,,,,,,,,,,,,,,,,,,,,,,,,,,,,,,,,,,,,,,,,,,,,,,,,,,
Lekunberri_2018_river_wastewater.DOWN2,Lekunberri_2018_river_wastewater,SAMN06052523,2.831897,42.025312,Spain,city,2016-04-18,,2024-08-07 17:22:45.284924,1169740,river water [ENVO:01000599],wastewater treatment plant [ENVO:00002043],water,waste water [ENVO:00002001],,,,,,,,29220785,10.1016/j.envpol.2017.12.001,Spain: Girona,,,,,,,,,,,,,,,,,,,,,,,,,,,,,,,,,,,,,,,,,,,,,,,,,,,,,,,,,,,,,,,,,,,,,,,,,,,,,,,,,,,,,,
Lekunberri_2018_river_wastewater.DOWN3,Lekunberri_2018_river_wastewater,SAMN06052524,2.831897,42.025312,Spain,city,2016-04-18,,2024-08-07 17:22:45.284924,1169740,river water [ENVO:01000599],wastewater treatment plant [ENVO:00002043],water,waste water [ENVO:00002001],,,,,,,,29220785,10.1016/j.envpol.2017.12.001,Spain: Girona,,,,,,,,,,,,,,,,,,,,,,,,,,,,,,,,,,,,,,,,,,,,,,,,,,,,,,,,,,,,,,,,,,,,,,,,,,,,,,,,,,,,,,
Lekunberri_2018_river_wastewater.DOWN4,Lekunberri_2018_river_wastewater,SAMN06052525,2.831897,42.025312,Spain,city,2016-04-18,,2024-08-07 17:22:45.284924,1169740,river water [ENVO:01000599],wastewater treatment plant [ENVO:00002043],water,waste water [ENVO:00002001],,,,,,,,29220785,10.1016/j.envpol.2017.12.001,Spain: Girona,,,,,,,,,,,,,,,,,,,,,,,,,,,,,,,,,,,,,,,,,,,,,,,,,,,,,,,,,,,,,,,,,,,,,,,,,,,,,,,,,,,,,,
Lekunberri_2018_river_wastewater.DOWN5,Lekunberri_2018_river_wastewater,SAMN06052526,2.831897,42.025312,Spain,city,2016-04-18,,2024-08-07 17:22:45.284924,1169740,river water [ENVO:01000599],wastewater treatment plant [ENVO:00002043],water,waste water [ENVO:00002001],,,,,,,,29220785,10.1016/j.envpol.2017.12.001,Spain: Girona,,,,,,,,,,,,,,,,,,,,,,,,,,,,,,,,,,,,,,,,,,,,,,,,,,,,,,,,,,,,,,,,,,,,,,,,,,,,,,,,,,,,,,
Lekunberri_2018_river_wastewater.DOWN6,Lekunberri_2018_river_wastewater,SAMN06052527,2.831897,42.025312,Spain,city,2016-04-18,,2024-08-07 17:22:45.284924,1169740,river water [ENVO:01000599],wastewater treatment plant [ENVO:00002043],water,waste water [ENVO:00002001],,,,,,,,29220785,10.1016/j.envpol.2017.12.001,Spain: Girona,,,,,,,,,,,,,,,,,,,,,,,,,,,,,,,,,,,,,,,,,,,,,,,,,,,,,,,,,,,,,,,,,,,,,,,,,,,,,,,,,,,,,,
Lekunberri_2018_river_wastewater.UP1,Lekunberri_2018_river_wastewater,SAMN06052516,2.831897,42.025312,Spain,city,2016-04-18,,2024-08-07 17:22:45.284924,1169740,river water [ENVO:01000599],wastewater treatment plant [ENVO:00002043],water,waste water [ENVO:00002001],,,,,,,,29220785,10.1016/j.envpol.2017.12.001,Spain: Girona,,,,,,,,,,,,,,,,,,,,,,,,,,,,,,,,,,,,,,,,,,,,,,,,,,,,,,,,,,,,,,,,,,,,,,,,,,,,,,,,,,,,,,
Lekunberri_2018_river_wastewater.UP2,Lekunberri_2018_river_wastewater,SAMN06052517,2.831897,42.025312,Spain,city,2016-04-18,,2024-08-07 17:22:45.284924,1169740,river water [ENVO:01000599],wastewater treatment plant [ENVO:00002043],water,waste water [ENVO:00002001],,,,,,,,29220785,10.1016/j.envpol.2017.12.001,Spain: Girona,,,,,,,,,,,,,,,,,,,,,,,,,,,,,,,,,,,,,,,,,,,,,,,,,,,,,,,,,,,,,,,,,,,,,,,,,,,,,,,,,,,,,,
Lekunberri_2018_river_wastewater.UP3,Lekunberri_2018_river_wastewater,SAMN06052518,2.831897,42.025312,Spain,city,2016-04-18,,2024-08-07 17:22:45.284924,1169740,river water [ENVO:01000599],wastewater treatment plant [ENVO:00002043],water,waste water [ENVO:00002001],,,,,,,,29220785,10.1016/j.envpol.2017.12.001,Spain: Girona,,,,,,,,,,,,,,,,,,,,,,,,,,,,,,,,,,,,,,,,,,,,,,,,,,,,,,,,,,,,,,,,,,,,,,,,,,,,,,,,,,,,,,
Lekunberri_2018_river_wastewater.UP4,Lekunberri_2018_river_wastewater,SAMN06052519,2.831897,42.025312,Spain,city,2016-04-18,,2024-08-07 17:22:45.284924,1169740,river water [ENVO:01000599],wastewater treatment plant [ENVO:00002043],water,waste water [ENVO:00002001],,,,,,,,29220785,10.1016/j.envpol.2017.12.001,Spain: Girona,,,,,,,,,,,,,,,,,,,,,,,,,,,,,,,,,,,,,,,,,,,,,,,,,,,,,,,,,,,,,,,,,,,,,,,,,,,,,,,,,,,,,,
Lekunberri_2018_river_wastewater.UP5,Lekunberri_2018_river_wastewater,SAMN06052520,2.831897,42.025312,Spain,city,2016-04-18,,2024-08-07 17:22:45.284924,1169740,river water [ENVO:01000599],wastewater treatment plant [ENVO:00002043],water,waste water [ENVO:00002001],,,,,,,,29220785,10.1016/j.envpol.2017.12.001,Spain: Girona,,,,,,,,,,,,,,,,,,,,,,,,,,,,,,,,,,,,,,,,,,,,,,,,,,,,,,,,,,,,,,,,,,,,,,,,,,,,,,,,,,,,,,
Lekunberri_2018_river_wastewater.UP6,Lekunberri_2018_river_wastewater,SAMN06052521,2.831897,42.025312,Spain,city,2016-04-18,,2024-08-07 17:22:45.284924,1169740,river water [ENVO:01000599],wastewater treatment plant [ENVO:00002043],water,waste water [ENVO:00002001],,,,,,,,29220785,10.1016/j.envpol.2017.12.001,Spain: Girona,,,,,,,,,,,,,,,,,,,,,,,,,,,,,,,,,,,,,,,,,,,,,,,,,,,,,,,,,,,,,,,,,,,,,,,,,,,,,,,,,,,,,,
Rowe_2017_hospital_wastewater.sample_AH1,Rowe_2017_hospital_wastewater,SAMEA3712774,0.139346,52.174343,United Kingdom,exact_location,2013-05-02,,2024-08-07 17:58:18.790964,527639,waste water [ENVO:00002001],anthropogenic terrestrial biome [ENVO:01000219],misc,hospital [ENVO:00002173],,,,,,,,28175320,10.1093/jac/dkx017,,,,,,,,,,,,,,,,,,,,,,,,,,,,,,,,,,,,,,,,,,,,,,,,,,,,,,,,,,,,,,,,,,,,,,,,,,,,,,,phd_metagenome_,,,,,,,,
Rowe_2017_hospital_wastewater.sample_AH2,Rowe_2017_hospital_wastewater,SAMEA3712775,0.139346,52.174343,United Kingdom,exact_location,2014-08-04,,2024-08-07 17:58:18.790964,527639,waste water [ENVO:00002001],anthropogenic terrestrial biome [ENVO:01000219],misc,hospital [ENVO:00002173],,,,,,,,28175320,10.1093/jac/dkx017,,,,,,,,,,,,,,,,,,,,,,,,,,,,,,,,,,,,,,,,,,,,,,,,,,,,,,,,,,,,,,,,,,,,,,,,,,,,,,,phd_metagenome_,,,,,,,,
Rowe_2017_hospital_wastewater.sample_AH3,Rowe_2017_hospital_wastewater,SAMEA3712776,0.139346,52.174343,United Kingdom,exact_location,2014-09-15,,2024-08-07 17:58:18.790964,527639,waste water [ENVO:00002001],anthropogenic terrestrial biome [ENVO:01000219],misc,hospital [ENVO:00002173],,,,,,,,28175320,10.1093/jac/dkx017,,,,,,,,,,,,,,,,,,,,,,,,,,,,,,,,,,,,,,,,,,,,,,,,,,,,,,,,,,,,,,,,,,,,,,,,,,,,,,,phd_metagenome_,,,,,,,,
Rowe_2017_hospital_wastewater.sample_AH4,Rowe_2017_hospital_wastewater,SAMEA3712777,0.139346,52.174343,United Kingdom,exact_location,2014-09-29,,2024-08-07 17:58:18.790964,527639,waste water [ENVO:00002001],anthropogenic terrestrial biome [ENVO:01000219],misc,hospital [ENVO:00002173],,,,,,,,28175320,10.1093/jac/dkx017,,,,,,,,,,,,,,,,,,,,,,,,,,,,,,,,,,,,,,,,,,,,,,,,,,,,,,,,,,,,,,,,,,,,,,,,,,,,,,,phd_metagenome_,,,,,,,,
Rowe_2017_hospital_wastewater.sample_AH5,Rowe_2017_hospital_wastewater,SAMEA3712778,0.139346,52.174343,United Kingdom,exact_location,2014-10-27,,2024-08-07 17:58:18.790964,527639,waste water [ENVO:00002001],anthropogenic terrestrial biome [ENVO:01000219],misc,hospital [ENVO:00002173],,,,,,,,28175320,10.1093/jac/dkx017,,,,,,,,,,,,,,,,,,,,,,,,,,,,,,,,,,,,,,,,,,,,,,,,,,,,,,,,,,,,,,,,,,,,,,,,,,,,,,,phd_metagenome_,,,,,,,,
Rowe_2017_hospital_wastewater.sample_AH6,Rowe_2017_hospital_wastewater,SAMEA3712779,0.139346,52.174343,United Kingdom,exact_location,2014-11-24,,2024-08-07 17:58:18.790964,527639,waste water [ENVO:00002001],anthropogenic terrestrial biome [ENVO:01000219],misc,hospital [ENVO:00002173],,,,,,,,28175320,10.1093/jac/dkx017,,,,,,,,,,,,,,,,,,,,,,,,,,,,,,,,,,,,,,,,,,,,,,,,,,,,,,,,,,,,,,,,,,,,,,,,,,,,,,,phd_metagenome_,,,,,,,,
Rowe_2017_hospital_wastewater.sample_AS1,Rowe_2017_hospital_wastewater,SAMEA3712800,0.1497,52.0421,United Kingdom,exact_location,2013-05-02,,2024-08-07 17:58:18.790964,449393,river water [ENVO:01000599],freshwater river biome [ENVO:01000253],water,river [ENVO:00000022],,,,,,,,"27054725, 28175320","10.1093/jac/dkx017, 10.2166/wst.2015.634",,,,,,,,,,,,,,,,,,,,,,,,,,,,,,,,,,,,,,,,,,,,,,,,,,,,,,,,,,,,,,,,,,,,,,,,,,,,,,,phd_metagenome_,,,,,,,,
Rowe_2017_hospital_wastewater.sample_AS2,Rowe_2017_hospital_wastewater,SAMEA3712801,0.1497,52.0421,United Kingdom,exact_location,2014-08-04,,2024-08-07 17:58:18.790964,449393,river water [ENVO:01000599],freshwater river biome [ENVO:01000253],water,river [ENVO:00000022],,,,,,,,28175320,10.1093/jac/dkx017,,,,,,,,,,,,,,,,,,,,,,,,,,,,,,,,,,,,,,,,,,,,,,,,,,,,,,,,,,,,,,,,,,,,,,,,,,,,,,,phd_metagenome_,,,,,,,,
Rowe_2017_hospital_wastewater.sample_AS3,Rowe_2017_hospital_wastewater,SAMEA3712802,0.1497,52.0421,United Kingdom,exact_location,2014-09-15,,2024-08-07 17:58:18.790964,449393,river water [ENVO:01000599],freshwater river biome [ENVO:01000253],water,river [ENVO:00000022],,,,,,,,28175320,10.1093/jac/dkx017,,,,,,,,,,,,,,,,,,,,,,,,,,,,,,,,,,,,,,,,,,,,,,,,,,,,,,,,,,,,,,,,,,,,,,,,,,,,,,,phd_metagenome_,,,,,,,,
Rowe_2017_hospital_wastewater.sample_AS5,Rowe_2017_hospital_wastewater,SAMEA3712803,0.1497,52.0421,United Kingdom,exact_location,2014-10-27,,2024-08-07 17:58:18.790964,449393,river water [ENVO:01000599],freshwater river biome [ENVO:01000253],water,river [ENVO:00000022],,,,,,,,28175320,10.1093/jac/dkx017,,,,,,,,,,,,,,,,,,,,,,,,,,,,,,,,,,,,,,,,,,,,,,,,,,,,,,,,,,,,,,,,,,,,,,,,,,,,,,,phd_metagenome_,,,,,,,,
Rowe_2017_hospital_wastewater.sample_AS6,Rowe_2017_hospital_wastewater,SAMEA3712804,0.1497,52.0421,United Kingdom,exact_location,2014-11-24,,2024-08-07 17:58:18.790964,449393,river water [ENVO:01000599],freshwater river biome [ENVO:01000253],water,river [ENVO:00000022],,,,,,,,28175320,10.1093/jac/dkx017,,,,,,,,,,,,,,,,,,,,,,,,,,,,,,,,,,,,,,,,,,,,,,,,,,,,,,,,,,,,,,,,,,,,,,,,,,,,,,,phd_metagenome_,,,,,,,,
Rowe_2017_hospital_wastewater.sample_DF1,Rowe_2017_hospital_wastewater,SAMEA3712872,0.02603,52.22259,United Kingdom,exact_location,2013-05-02,,2024-08-07 17:58:18.790964,527639,waste water [ENVO:00002001],anthropogenic terrestrial biome [ENVO:01000219],misc,farm [ENVO:00000078],,,,,,,,"27054725, 28175320","10.1093/jac/dkx017, 10.2166/wst.2015.634",,,,,,,,,,,,,,,,,,,,,,,,,,,,,,,,,,,,,,,,,,,,,,,,,,,,,,,,,,,,,,,,,,,,,,,,,,,,,,,phd_metagenome,,,,,,,,
Rowe_2017_hospital_wastewater.sample_DF2,Rowe_2017_hospital_wastewater,SAMEA3712806,0.02603,52.22259,United Kingdom,exact_location,2014-08-06,,2024-08-07 17:58:18.790964,527639,waste water [ENVO:00002001],anthropogenic terrestrial biome [ENVO:01000219],misc,farm [ENVO:00000078],,,,,,,,"27054725, 28175320","10.1093/jac/dkx017, 10.2166/wst.2015.634",,,,,,,,,,,,,,,,,,,,,,,,,,,,,,,,,,,,,,,,,,,,,,,,,,,,,,,,,,,,,,,,,,,,,,,,,,,,,,,phd_metagenome_,,,,,,,,
Rowe_2017_hospital_wastewater.sample_DF3,Rowe_2017_hospital_wastewater,SAMEA3712807,0.02603,52.22259,United Kingdom,exact_location,2014-09-15,,2024-08-07 17:58:18.790964,527639,waste water [ENVO:00002001],anthropogenic terrestrial biome [ENVO:01000219],misc,farm [ENVO:00000078],,,,,,,,28175320,10.1093/jac/dkx017,,,,,,,,,,,,,,,,,,,,,,,,,,,,,,,,,,,,,,,,,,,,,,,,,,,,,,,,,,,,,,,,,,,,,,,,,,,,,,,phd_metagenome_,,,,,,,,
Rowe_2017_hospital_wastewater.sample_DF4,Rowe_2017_hospital_wastewater,SAMEA3712808,0.02603,52.22259,United Kingdom,exact_location,2014-09-29,,2024-08-07 17:58:18.790964,527639,waste water [ENVO:00002001],anthropogenic terrestrial biome [ENVO:01000219],misc,farm [ENVO:00000078],,,,,,,,28175320,10.1093/jac/dkx017,,,,,,,,,,,,,,,,,,,,,,,,,,,,,,,,,,,,,,,,,,,,,,,,,,,,,,,,,,,,,,,,,,,,,,,,,,,,,,,phd_metagenome_,,,,,,,,
Rowe_2017_hospital_wastewater.sample_DF5,Rowe_2017_hospital_wastewater,SAMEA3712809,0.02603,52.22259,United Kingdom,exact_location,2014-10-27,,2024-08-07 17:58:18.790964,527639,waste water [ENVO:00002001],anthropogenic terrestrial biome [ENVO:01000219],misc,farm [ENVO:00000078],,,,,,,,28175320,10.1093/jac/dkx017,,,,,,,,,,,,,,,,,,,,,,,,,,,,,,,,,,,,,,,,,,,,,,,,,,,,,,,,,,,,,,,,,,,,,,,,,,,,,,,phd_metagenome_,,,,,,,,
Rowe_2017_hospital_wastewater.sample_DF6,Rowe_2017_hospital_wastewater,SAMEA3712810,0.02603,52.22259,United Kingdom,exact_location,2014-11-24,,2024-08-07 17:58:18.790964,527639,waste water [ENVO:00002001],anthropogenic terrestrial biome [ENVO:01000219],misc,farm [ENVO:00000078],,,,,,,,28175320,10.1093/jac/dkx017,,,,,,,,,,,,,,,,,,,,,,,,,,,,,,,,,,,,,,,,,,,,,,,,,,,,,,,,,,,,,,,,,,,,,,,,,,,,,,,phd_metagenome_,,,,,,,,
Rowe_2017_hospital_wastewater.sample_DF7,Rowe_2017_hospital_wastewater,SAMEA3712873,0.12,52.2,United Kingdom,exact_location,2013-01-01,2014-12-31,2024-08-07 17:58:18.790964,527639,waste water [ENVO:00002001],anthropogenic terrestrial biome [ENVO:01000219],misc,waste water [ENVO:00002001],,,,,,,,28175320,10.1093/jac/dkx017,,,,,,,,,,,,,,,,,,,,,,,,,,,,,,,,,,,,,,,,,,,,,,,,,,,,,,,,,,,,,,,,,,,,,,,,,,,,,,,phd_metagenome,,,,,,,,
Rowe_2017_hospital_wastewater.sample_PF1,Rowe_2017_hospital_wastewater,SAMEA3712796,0.12,52.2,United Kingdom,exact_location,2013-01-01,2014-12-31,2024-08-07 17:58:18.790964,527639,waste water [ENVO:00002001],anthropogenic terrestrial biome [ENVO:01000219],misc,waste water [ENVO:00002001],,,,,,,,28175320,10.1093/jac/dkx017,,,,,,,,,,,,,,,,,,,,,,,,,,,,,,,,,,,,,,,,,,,,,,,,,,,,,,,,,,,,,,,,,,,,,,,,,,,,,,,phd_metagenome_,,,,,,,,
Rowe_2017_hospital_wastewater.sample_WW1,Rowe_2017_hospital_wastewater,SAMEA3712871,0.12,52.2,United Kingdom,exact_location,2013-01-01,2014-12-31,2024-08-07 17:58:18.790964,527639,waste water [ENVO:00002001],anthropogenic terrestrial biome [ENVO:01000219],misc,waste water [ENVO:00002001],,,,,,,,28175320,10.1093/jac/dkx017,,,,,,,,,,,,,,,,,,,,,,,,,,,,,,,,,,,,,,,,,,,,,,,,,,,,,,,,,,,,,,,,,,,,,,,,,,,,,,,phd_metagenome,,,,,,,,
Rowe_2017_hospital_wastewater.sample_WW3,Rowe_2017_hospital_wastewater,SAMEA3712798,0.12,52.2,United Kingdom,exact_location,2013-01-01,2014-12-31,2024-08-07 17:58:18.790964,527639,waste water [ENVO:00002001],anthropogenic terrestrial biome [ENVO:01000219],misc,waste water [ENVO:00002001],,,,,,,,28175320,10.1093/jac/dkx017,,,,,,,,,,,,,,,,,,,,,,,,,,,,,,,,,,,,,,,,,,,,,,,,,,,,,,,,,,,,,,,,,,,,,,,,,,,,,,,phd_metagenome_,,,,,,,,
Rowe_2017_hospital_wastewater.sample_WW4,Rowe_2017_hospital_wastewater,SAMEA3712799,0.12,52.2,United Kingdom,exact_location,2013-01-01,2014-12-31,2024-08-07 17:58:18.790964,527639,waste water [ENVO:00002001],anthropogenic terrestrial biome [ENVO:01000219],misc,waste water [ENVO:00002001],,,,,,,,28175320,10.1093/jac/dkx017,,,,,,,,,,,,,,,,,,,,,,,,,,,,,,,,,,,,,,,,,,,,,,,,,,,,,,,,,,,,,,,,,,,,,,,,,,,,,,,phd_metagenome_,,,,,,,,
Schulz_2017_wastewater.Gp0090755,Schulz_2017_wastewater,SAMN06161105,16.2,48.3,Austria,exact_location,2014-01-01,2015-12-31,2024-08-07 18:00:19.328146,942017,activated sludge [ENVO:00002046],industrial wastewater [ENVO:01000964],misc,waste water [ENVO:00002001],cultivation,,,,,,,28386012,10.1126/science.aal4657,Austria: Klosterneuburg,,,,,,,,,,,,,,,,,,,,,,,,,,,,,,,,,,,,,,,,,,,,,,,,,,,,,,,,,,,,,,,,,,,,,,,,Keywords: GSC:MIxS;MIMS:6.0,,,,,,"Active sludge cell enrichment microbial communities from Klosterneuburg, Austria - Nitrosomonas DOME CR19B59",,,,,,,PRJNA245603,
Schulz_2017_wastewater.Gp0090774,Schulz_2017_wastewater,SAMN06161123,16.2,48.3,Austria,exact_location,2014-01-01,2015-12-31,2024-08-07 18:00:19.328146,942017,activated sludge [ENVO:00002046],industrial wastewater [ENVO:01000964],misc,waste water [ENVO:00002001],cultivation,,,,,,,28386012,10.1126/science.aal4657,Austria: Klosterneuburg,,,,,,,,,,,,,,,,,,,,,,,,,,,,,,,,,,,,,,,,,,,,,,,,,,,,,,,,,,,,,,,,,,,,,,,,Keywords: GSC:MIxS;MIMS:6.0,,,,,,"Active sludge cell enrichment microbial communities from Klosterneuburg, Austria - Nitrospira DOME DR08B08",,,,,,,PRJNA251771,
Schulz_2017_wastewater.Gp0123774,Schulz_2017_wastewater,SAMN06343794,16.2,48.3,Austria,exact_location,2015-01-05,,2024-08-07 18:00:19.328146,942017,activated sludge [ENVO:00002046],industrial wastewater [ENVO:01000964],misc,waste water [ENVO:00002001],,,,,,,,28386012,10.1126/science.aal4657,Austria: Klosterneuburg,,,,,,,,,,,,,,,,,,,,,,,,,,,,,,,,,,,,,,,,,,,,,,,,,,,,,,,,,,,,,,,,,,,,,,,,,,,,,,"Active sludge microbial communities from Klosterneuburg, Austria - Klosterneuburg WWTP active sludge C16_HNv2",,,,,,,PRJNA375262,
Schulz_2017_wastewater.Gp0123777,Schulz_2017_wastewater,SAMN06343797,16.2,48.3,Austria,exact_location,2015-01-05,,2024-08-07 18:00:19.328146,942017,activated sludge [ENVO:00002046],industrial wastewater [ENVO:01000964],misc,waste water [ENVO:00002001],,,,,,,,28386012,10.1126/science.aal4657,Austria: Klosterneuburg,,,,,,,,,,,,,,,,,,,,,,,,,,,,,,,,,,,,,,,,,,,,,,,,,,,,,,,,,,,,,,,,,,,,,,,,,,,,,,"Active sludge microbial communities from Klosterneuburg, Austria - Klosterneuburg WWTP active sludge C19_HAv2",,,,,,,PRJNA375265,
Schulz_2017_wastewater.Gp0123786,Schulz_2017_wastewater,SAMN06343802,16.2,48.3,Austria,exact_location,2015-01-05,,2024-08-07 18:00:19.328146,942017,activated sludge [ENVO:00002046],industrial wastewater [ENVO:01000964],misc,waste water [ENVO:00002001],,,,,,,,28386012,10.1126/science.aal4657,Austria: Klosterneuburg,,,,,,,,,,,,,,,,,,,,,,,,,,,,,,,,,,,,,,,,,,,,,,,,,,,,,,,,,,,,,,,,,,,,,,,,,,,,,,"Active sludge microbial communities from Klosterneuburg, Austria - Klosterneuburg WWTP active sludge C29_HAv2",,,,,,,PRJNA375270,
Schulz_2017_wastewater.Gp0123794,Schulz_2017_wastewater,SAMN06343637,16.2,48.3,Austria,exact_location,2015-01-05,,2024-08-07 18:00:19.328146,942017,activated sludge [ENVO:00002046],industrial wastewater [ENVO:01000964],misc,waste water [ENVO:00002001],,,,,,,,28386012,10.1126/science.aal4657,Austria: Klosterneuburg,,,,,,,,,,,,,,,,,,,,,,,,,,,,,,,,,,,,,,,,,,,,,,,,,,,,,,,,,,,,,,,,,,,,,,,,,,,,,,"Active sludge microbial communities from Klosterneuburg, Austria - Klosterneuburg WWTP active sludge C42_LAv2",,,,,,,PRJNA375277,
Schulz_2017_wastewater.Gp0123796,Schulz_2017_wastewater,SAMN06343638,16.2,48.3,Austria,exact_location,2015-01-05,,2024-08-07 18:00:19.328146,942017,activated sludge [ENVO:00002046],industrial wastewater [ENVO:01000964],misc,waste water [ENVO:00002001],,,,,,,,28386012,10.1126/science.aal4657,Austria: Klosterneuburg,,,,,,,,,,,,,,,,,,,,,,,,,,,,,,,,,,,,,,,,,,,,,,,,,,,,,,,,,,,,,,,,,,,,,,,,,,,,,,"Active sludge microbial communities from Klosterneuburg, Austria - Klosterneuburg WWTP active sludge C44_LANv2",,,,,,,PRJNA375278,
Schulz_2017_wastewater.Gp0123799,Schulz_2017_wastewater,SAMN06343640,16.2,48.3,Austria,exact_location,2015-01-05,,2024-08-07 18:00:19.328146,942017,activated sludge [ENVO:00002046],industrial wastewater [ENVO:01000964],misc,waste water [ENVO:00002001],,,,,,,,28386012,10.1126/science.aal4657,Austria: Klosterneuburg,,,,,,,,,,,,,,,,,,,,,,,,,,,,,,,,,,,,,,,,,,,,,,,,,,,,,,,,,,,,,,,,,,,,,,,,,,,,,,"Active sludge microbial communities from Klosterneuburg, Austria - Klosterneuburg WWTP active sludge C50_LANv2",,,,,,,PRJNA375280,
Schulz_2017_wastewater.Gp0123805,Schulz_2017_wastewater,SAMN06343645,16.2,48.3,Austria,exact_location,2015-01-19,,2024-08-07 18:00:19.328146,942017,activated sludge [ENVO:00002046],industrial wastewater [ENVO:01000964],misc,waste water [ENVO:00002001],,,,,,,,28386012,10.1126/science.aal4657,Austria: Klosterneuburg,,,,,,,,,,,,,,,,,,,,,,,,,,,,,,,,,,,,,,,,,,,,,,,,,,,,,,,,,,,,,,,,,,,,,,,,,,,,,,"Active sludge microbial communities from Klosterneuburg, Austria - Klosterneuburg WWTP active sludge D09_HANv2",,,,,,,PRJNA375285,
Schulz_2017_wastewater.Gp0123807,Schulz_2017_wastewater,SAMN06343647,16.2,48.3,Austria,exact_location,2015-01-19,,2024-08-07 18:00:19.328146,942017,activated sludge [ENVO:00002046],industrial wastewater [ENVO:01000964],misc,waste water [ENVO:00002001],,,,,,,,28386012,10.1126/science.aal4657,Austria: Klosterneuburg,,,,,,,,,,,,,,,,,,,,,,,,,,,,,,,,,,,,,,,,,,,,,,,,,,,,,,,,,,,,,,,,,,,,,,,,,,,,,,"Active sludge microbial communities from Klosterneuburg, Austria - Klosterneuburg WWTP active sludge D11_HNMv2",,,,,,,PRJNA375287,
Schulz_2017_wastewater.Gp0123810,Schulz_2017_wastewater,SAMN06343648,16.2,48.3,Austria,exact_location,2015-01-19,,2024-08-07 18:00:19.328146,942017,activated sludge [ENVO:00002046],industrial wastewater [ENVO:01000964],misc,waste water [ENVO:00002001],,,,,,,,28386012,10.1126/science.aal4657,Austria: Klosterneuburg,,,,,,,,,,,,,,,,,,,,,,,,,,,,,,,,,,,,,,,,,,,,,,,,,,,,,,,,,,,,,,,,,,,,,,,,,,,,,,"Active sludge microbial communities from Klosterneuburg, Austria - Klosterneuburg WWTP active sludge D16_HANv2",,,,,,,PRJNA375288,
Schulz_2017_wastewater.Gp0123823,Schulz_2017_wastewater,SAMN06343655,16.2,48.3,Austria,exact_location,2015-01-19,,2024-08-07 18:00:19.328146,942017,activated sludge [ENVO:00002046],industrial wastewater [ENVO:01000964],misc,waste water [ENVO:00002001],,,,,,,,28386012,10.1126/science.aal4657,Austria: Klosterneuburg,,,,,,,,,,,,,,,,,,,,,,,,,,,,,,,,,,,,,,,,,,,,,,,,,,,,,,,,,,,,,,,,,,,,,,,,,,,,,,"Active sludge microbial communities from Klosterneuburg, Austria - Klosterneuburg WWTP active sludge D35_HANv2",,,,,,,PRJNA375682,
Schulz_2017_wastewater.Gp0123842,Schulz_2017_wastewater,SAMN05720279,16.2,48.3,Austria,exact_location,2015-01-19,,2024-08-07 18:00:19.328146,942017,activated sludge [ENVO:00002046],industrial wastewater [ENVO:01000964],misc,waste water [ENVO:00002001],,,,,,,,28386012,10.1126/science.aal4657,"Austria:Klosterneuburg, Austria",,,,,,,,,,,,,,,,,,,,,,,,,,,,,,,,,,,,,,,,,,,,,,,,,,,,,,,,,,,,,,,,,,,,,,,,,,,,,,"Active sludge microbial communities from Klosterneuburg, Austria - Klosterneuburg WWTP active sludge D85_L00A",,,,,,,PRJNA340729,
Schulz_2017_wastewater.Gp0123846,Schulz_2017_wastewater,SAMN06343667,16.2,48.3,Austria,exact_location,2015-01-19,,2024-08-07 18:00:19.328146,942017,activated sludge [ENVO:00002046],industrial wastewater [ENVO:01000964],misc,waste water [ENVO:00002001],,,,,,,,28386012,10.1126/science.aal4657,Austria: Klosterneuburg,,,,,,,,,,,,,,,,,,,,,,,,,,,,,,,,,,,,,,,,,,,,,,,,,,,,,,,,,,,,,,,,,,,,,,,,,,,,,,"Active sludge microbial communities from Klosterneuburg, Austria - Klosterneuburg WWTP active sludge D91_LN",,,,,,,PRJNA375694,
Schulz_2017_wastewater.Gp0123849,Schulz_2017_wastewater,SAMN06343670,16.2,48.3,Austria,exact_location,2015-01-19,,2024-08-07 18:00:19.328146,942017,activated sludge [ENVO:00002046],industrial wastewater [ENVO:01000964],misc,waste water [ENVO:00002001],,,,,,,,28386012,10.1126/science.aal4657,Austria: Klosterneuburg,,,,,,,,,,,,,,,,,,,,,,,,,,,,,,,,,,,,,,,,,,,,,,,,,,,,,,,,,,,,,,,,,,,,,,,,,,,,,,"Active sludge microbial communities from Klosterneuburg, Austria - Klosterneuburg WWTP active sludge D94_LAv2",,,,,,,PRJNA375697,
Schulz_2017_wastewater.Gp0123858,Schulz_2017_wastewater,SAMN06343676,16.2,48.3,Austria,exact_location,2015-01-19,,2024-08-07 18:00:19.328146,942017,activated sludge [ENVO:00002046],industrial wastewater [ENVO:01000964],misc,waste water [ENVO:00002001],,,,,,,,28386012,10.1126/science.aal4657,Austria: Klosterneuburg,,,,,,,,,,,,,,,,,,,,,,,,,,,,,,,,,,,,,,,,,,,,,,,,,,,,,,,,,,,,,,,,,,,,,,,,,,,,,,"Active sludge microbial communities from Klosterneuburg, Austria - Klosterneuburg WWTP active sludge DR09_HA",,,,,,,PRJNA375145,
Schulz_2017_wastewater.Gp0124086,Schulz_2017_wastewater,SAMN06343698,16.2,48.3,Austria,exact_location,2015-01-05,,2024-08-07 18:00:19.328146,942017,activated sludge [ENVO:00002046],industrial wastewater [ENVO:01000964],misc,waste water [ENVO:00002001],,,,,,,,28386012,10.1126/science.aal4657,Austria: Klosterneuburg,,,,,,,,,,,,,,,,,,,,,,,,,,,,,,,,,,,,,,,,,,,,,,,,,,,,,,,,,,,,,,,,,,,,,,,,,,,,,,"Active sludge microbial communities from wastewater in Klosterneuburg, Austria - Klosterneuburg WWTP active sludge C49_LANv2",,,,,,,PRJNA375163,
Schulz_2017_wastewater.Gp0124088,Schulz_2017_wastewater,SAMN06343699,16.2,48.3,Austria,exact_location,2015-01-19,,2024-08-07 18:00:19.328146,942017,activated sludge [ENVO:00002046],industrial wastewater [ENVO:01000964],misc,waste water [ENVO:00002001],,,,,,,,28386012,10.1126/science.aal4657,Austria: Klosterneuburg,,,,,,,,,,,,,,,,,,,,,,,,,,,,,,,,,,,,,,,,,,,,,,,,,,,,,,,,,,,,,,,,,,,,,,,,,,,,,,"Active sludge microbial communities from wastewater in Klosterneuburg, Austria - Klosterneuburg WWTP active sludge D17_H0v2",,,,,,,PRJNA375164,
Schulz_2017_wastewater.Gp0153749,Schulz_2017_wastewater,SAMN05720179,16.2,48.3,Austria,exact_location,2015-01-05,,2024-08-07 18:00:19.328146,942017,activated sludge [ENVO:00002046],industrial wastewater [ENVO:01000964],misc,waste water [ENVO:00002001],,,,,,,,28386012,10.1126/science.aal4657,Austria: Klosterneuburg,,,,,,,,,,,,,,,,,,,,,,,,,,,,,,,,,,,,,,,,,,,,,,,,,,,,,,,,,,,,,,,,,,,,,,,,,,,,,,"Active sludge microbial communities from wastewater treatment plant in Klosterneuburg, Austria - C20_HNv3",,,,,,,PRJNA340530,
Schulz_2017_wastewater.Gp0153750,Schulz_2017_wastewater,SAMN05720150,16.2,48.3,Austria,exact_location,2015-01-05,,2024-08-07 18:00:19.328146,942017,activated sludge [ENVO:00002046],industrial wastewater [ENVO:01000964],misc,waste water [ENVO:00002001],,,,,,,,28386012,10.1126/science.aal4657,Austria: Klosterneuburg,,,,,,,,,,,,,,,,,,,,,,,,,,,,,,,,,,,,,,,,,,,,,,,,,,,,,,,,,,,,,,,,,,,,,,,,,,,,,,"Active sludge microbial communities from wastewater treatment plant in Klosterneuburg, Austria - C35_LANv3",,,,,,,PRJNA340531,
