sample_alias,artificial,collection_date,collection_date_end,doi,environment_biome,environment_feature,environment_material,environmental_package,geographic_location,last_change,latitude,location,location_resolution,longitude,pmid,spire_sample_name,study_code,tax_id,elevation_meters,depth_meters,pH,temperature,mean_annual_precipitation_mm,mean_annual_temperature,filtration_upper_threshold_um,filtration_lower_threshold_um,calcium_mg_l,nitrate_nitrite_uM,temperature_range,food_name,land_use_full,strain,time_period,isolation_source,phosphorus_uM,nitrite_uM,ammonium_uM,host_tax_id,site_description,carbon_dioxide_uM,total_manganese_uM,original_sample_name,sampling_campaign,ph_range,butyrate_uM,acetate_uM,host_tax_scientific_name,sulfide_uM,total_nitrate,infant_ID,ferric_iron_uM,formate_uM,ammonium_mg_l,Field_nominal_C,phosphate_uM,filtration_lower_threshold,sulfate_uM,iron_uM,nitrate_mg_l,total_dissolved_nitrogen_uM,vegetation,sulfate_mg_l,note,full_description,chloride_mg_l,manganese_uM,oxygen_uM,location_name,potassium_mg_l,land_use_category,water_depth_meters,plant,ferrous_uM,sampling_site,total_organic_carbon,ferrous_iron_uM,salinity,DESCRIPTION,hydrosulfide_uM,specific_material,enriched_soil,total_iron_uM,silicate_uM,DOL_range,propionate_uM,sodium_mg_l,salinity_ppt,dissolved_organic_carbon_uM,nitrite_mg_l,added_matter,climatic_zone,vegetation_full,nitrogen_percent,nitrate_uM,sampling_platform,sample_description,host_common_name,filtration_lower_threshold_kDa,iron_mg_l,phosphorus_mg_l,dissolved_oxygen_uM,sample_title,oxygen_mg_l,methane_uM,magnesium_mg_l,pH_range,host_scientific_name,nitrogen_dioxide_uM,study_accession,salinity_ppm
Chu_2017_sludge.BF1,,2015-07-14,,10.1128/AEM.02168-17,aquatic biome [ENVO:00002030],waste water [ENVO:00002001],waste water [ENVO:00002001],misc,USA,2024-08-07 16:38:52.389555,44.0823076,"USA: Manitowoc, WI",exact_location,-87.6579573,29269503,SAMN07135119,Chu_2017_sludge,527639,,,,,,,,,,,,,,,,,,,,,,,,,,,,,,,,,,,,,,,,,,,,,,,,,,,,,,,,,,,,,,,,,,,,,,,,,,,,,,,,,,,,Manitowoc Influent 1,,,,,,,,
Chu_2017_sludge.BF2,,2015-07-14,,10.1128/AEM.02168-17,aquatic biome [ENVO:00002030],waste water [ENVO:00002001],waste water [ENVO:00002001],misc,USA,2024-08-07 16:38:52.389555,44.0823076,"USA: Manitowoc, WI",exact_location,-87.6579573,29269503,SAMN07135120,Chu_2017_sludge,527639,,,,,,,,,,,,,,,,,,,,,,,,,,,,,,,,,,,,,,,,,,,,,,,,,,,,,,,,,,,,,,,,,,,,,,,,,,,,,,,,,,,,Manitowoc Influent 2,,,,,,,,
Chu_2017_sludge.BF3,,2015-07-14,,10.1128/AEM.02168-17,aquatic biome [ENVO:00002030],waste water [ENVO:00002001],waste water [ENVO:00002001],misc,USA,2024-08-07 16:38:52.389555,44.0823076,"USA: Manitowoc, WI",exact_location,-87.6579573,29269503,SAMN07135121,Chu_2017_sludge,527639,,,,,,,,,,,,,,,,,,,,,,,,,,,,,,,,,,,,,,,,,,,,,,,,,,,,,,,,,,,,,,,,,,,,,,,,,,,,,,,,,,,,Manitowoc Influent 3,,,,,,,,
Chu_2017_sludge.BFP,,2015-07-14,,10.1128/AEM.02168-17,aquatic biome [ENVO:00002030],waste water [ENVO:00002001],waste water [ENVO:00002001],misc,USA,2024-08-07 16:38:52.389555,44.0823076,"USA: Manitowoc, WI",exact_location,-87.6579573,29269503,SAMN07135122,Chu_2017_sludge,527639,,,,,,,,,,,,,,,,,,,,,,,,,,,,,,,,,,,,,,,,,,,,,,,,,,,,,,,,,,,,,,,,,,,,,,,,,,,,,,,,,,,,Manitowoc Influent Prefilter,,,,,,,,
Chu_2017_sludge.E1,,2015-07-14,,10.1128/AEM.02168-17,aquatic biome [ENVO:00002030],waste water [ENVO:00002001],waste water [ENVO:00002001],water,USA,2024-08-07 16:38:52.389555,44.0823076,"USA: Manitowoc, WI",exact_location,-87.6579573,29269503,SAMN06928184,Chu_2017_sludge,449393,,,,,,,,,,,,,,,,,,,,,,,,,,,,,,,,,,,,,,,,,,,,,,,,,,,,,,,,,,,,,,,,,,,,,,,,,,,,,,Manitowoc wastewater treatment plant effluent (0.22um filter),,,,,,Metagenome or environmental sample from freshwater metagenome,,,,,,,,
Chu_2017_sludge.E2,,2015-07-14,,10.1128/AEM.02168-17,aquatic biome [ENVO:00002030],waste water [ENVO:00002001],waste water [ENVO:00002001],water,USA,2024-08-07 16:38:52.389555,44.0823076,"USA: Manitowoc, WI",exact_location,-87.6579573,29269503,SAMN06928185,Chu_2017_sludge,449393,,,,,,,,,,,,,,,,,,,,,,,,,,,,,,,,,,,,,,,,,,,,,,,,,,,,,,,,,,,,,,,,,,,,,,,,,,,,,,Manitowoc wastewater treatment plant effluent (0.22um filter),,,,,,Metagenome or environmental sample from freshwater metagenome,,,,,,,,
Chu_2017_sludge.E3,,2015-07-14,,10.1128/AEM.02168-17,aquatic biome [ENVO:00002030],waste water [ENVO:00002001],waste water [ENVO:00002001],water,USA,2024-08-07 16:38:52.389555,44.0823076,"USA: Manitowoc, WI",exact_location,-87.6579573,29269503,SAMN06928186,Chu_2017_sludge,449393,,,,,,,,,,,,,,,,,,,,,,,,,,,,,,,,,,,,,,,,,,,,,,,,,,,,,,,,,,,,,,,,,,,,,,,,,,,,,,Manitowoc wastewater treatment plant effluent (0.22um filter),,,,,,Metagenome or environmental sample from freshwater metagenome,,,,,,,,
Chu_2017_sludge.E_P,,2015-07-14,,10.1128/AEM.02168-17,aquatic biome [ENVO:00002030],waste water [ENVO:00002001],waste water [ENVO:00002001],water,USA,2024-08-07 16:38:52.389555,44.0823076,"USA: Manitowoc, WI",exact_location,-87.6579573,29269503,SAMN06928183,Chu_2017_sludge,449393,,,,,,,,,,,,,,,,,,,,,,,,,,,,,,,,,,,,,,,,,,,,,,,,,,,,,,,,,,,,,,,,,,,,,,,,,,,,,,Manitowoc wastewater treatment plant effluent (1.6um filter),,,,,,Metagenome or environmental sample from freshwater metagenome,,,,,,,,
Chu_2017_sludge.FS1,,2015-07-14,,10.1128/AEM.02168-17,aquatic biome [ENVO:00002030],waste water [ENVO:00002001],sludge [ENVO:00002044],misc,USA,2024-08-07 16:38:52.389555,44.0823076,"USA: Manitowoc, WI",exact_location,-87.6579573,29269503,SAMN07135126,Chu_2017_sludge,527639,,,,,,,,,,,,,,,,,,,,,,,,,,,,,,,,,,,,,,,,,,,,,,,,,,,,,,,,,,,,,,,,,,,,,,,,,,,,,,,,,,,,Manitowoc Final Sludge 1,,,,,,,,
Chu_2017_sludge.FS2,,2015-07-14,,10.1128/AEM.02168-17,aquatic biome [ENVO:00002030],waste water [ENVO:00002001],sludge [ENVO:00002044],misc,USA,2024-08-07 16:38:52.389555,44.0823076,"USA: Manitowoc, WI",exact_location,-87.6579573,29269503,SAMN07135127,Chu_2017_sludge,527639,,,,,,,,,,,,,,,,,,,,,,,,,,,,,,,,,,,,,,,,,,,,,,,,,,,,,,,,,,,,,,,,,,,,,,,,,,,,,,,,,,,,Manitowoc Final Sludge 2,,,,,,,,
Chu_2017_sludge.FS3,,2015-07-14,,10.1128/AEM.02168-17,aquatic biome [ENVO:00002030],waste water [ENVO:00002001],sludge [ENVO:00002044],misc,USA,2024-08-07 16:38:52.389555,44.0823076,"USA: Manitowoc, WI",exact_location,-87.6579573,29269503,SAMN07135128,Chu_2017_sludge,527639,,,,,,,,,,,,,,,,,,,,,,,,,,,,,,,,,,,,,,,,,,,,,,,,,,,,,,,,,,,,,,,,,,,,,,,,,,,,,,,,,,,,Manitowoc Final Sludge 3,,,,,,,,
Chu_2017_sludge.LMS11,,2015-08-04,,10.1128/AEM.02168-17,aquatic biome [ENVO:00002030],waste water [ENVO:00002001],sediment [ENVO:00002007],sediment,USA,2024-08-07 16:38:52.389555,42.38342,USA: Lake Michigan,exact_location,-87.0003,29269503,SAMN06915721,Chu_2017_sludge,556182,,,,,,,,,,,,,,,,,,,,,,,,,,,,,,,,,,,,,,,,,,,,,,,,,,,,,,,,,,,,,,,,,,,,,,,,,,,,,,"Lake Michigan sediment collected in the middle of the lake, station 11",,,,,,Metagenome or environmental sample from freshwater sediment metagenome,,,,,,,,
Chu_2017_sludge.LMS18,,2015-08-04,,10.1128/AEM.02168-17,aquatic biome [ENVO:00002030],waste water [ENVO:00002001],sediment [ENVO:00002007],sediment,USA,2024-08-07 16:38:52.389555,42.732918,USA: Lake Michigan,exact_location,-87.001823,29269503,SAMN06915722,Chu_2017_sludge,556182,,,,,,,,,,,,,,,,,,,,,,,,,,,,,,,,,,,,,,,,,,,,,,,,,,,,,,,,,,,,,,,,,,,,,,,,,,,,,,"Lake Michigan sediment collected in the middle of the lake, station 18",,,,,,Metagenome or environmental sample from freshwater sediment metagenome,,,,,,,,
Chu_2017_sludge.LMS41,,2015-08-05,,10.1128/AEM.02168-17,aquatic biome [ENVO:00002030],waste water [ENVO:00002001],sediment [ENVO:00002007],sediment,USA,2024-08-07 16:38:52.389555,44.736718,USA: Lake Michigan,exact_location,-86.721512,29269503,SAMN06915723,Chu_2017_sludge,556182,,,,,,,,,,,,,,,,,,,,,,,,,,,,,,,,,,,,,,,,,,,,,,,,,,,,,,,,,,,,,,,,,,,,,,,,,,,,,,"Lake Michigan sediment collected in the middle of the lake, station 41",,,,,,Metagenome or environmental sample from freshwater sediment metagenome,,,,,,,,
Chu_2017_sludge.M1,,2015-07-14,,10.1128/AEM.02168-17,aquatic biome [ENVO:00002030],waste water [ENVO:00002001],sediment [ENVO:00002007],sediment,USA,2024-08-07 16:38:52.389555,44.1043833,"USA: Manitowoc, WI",exact_location,-87.6056887,29269503,SAMN06915703,Chu_2017_sludge,556182,,,,,,,,,,,,,,,,,,,,,,,,,,,,,,,,,,,,,,,,,,,,,,,,,,,,,,,,,,,,,,,,,,,,,,,,,,,,,,Lake Michigan sediment in site 1 near Manitocwoc WWTP,,,,,,Metagenome or environmental sample from freshwater sediment metagenome,,,,,,,,
Chu_2017_sludge.M10,,2015-07-14,,10.1128/AEM.02168-17,aquatic biome [ENVO:00002030],waste water [ENVO:00002001],sediment [ENVO:00002007],sediment,USA,2024-08-07 16:38:52.389555,44.0808667,"USA: Manitowoc, WI",exact_location,-87.611622,29269503,SAMN06915710,Chu_2017_sludge,556182,,,,,,,,,,,,,,,,,,,,,,,,,,,,,,,,,,,,,,,,,,,,,,,,,,,,,,,,,,,,,,,,,,,,,,,,,,,,,,Lake Michigan sediment in site 10 near Manitocwoc WWTP,,,,,,Metagenome or environmental sample from freshwater sediment metagenome,,,,,,,,
Chu_2017_sludge.M11,,2015-07-14,,10.1128/AEM.02168-17,aquatic biome [ENVO:00002030],waste water [ENVO:00002001],sediment [ENVO:00002007],sediment,USA,2024-08-07 16:38:52.389555,44.0884667,"USA: Manitowoc, WI",exact_location,-87.6110554,29269503,SAMN06915711,Chu_2017_sludge,556182,,,,,,,,,,,,,,,,,,,,,,,,,,,,,,,,,,,,,,,,,,,,,,,,,,,,,,,,,,,,,,,,,,,,,,,,,,,,,,Lake Michigan sediment in site 11 near Manitocwoc WWTP,,,,,,Metagenome or environmental sample from freshwater sediment metagenome,,,,,,,,
Chu_2017_sludge.M12,,2015-07-14,,10.1128/AEM.02168-17,aquatic biome [ENVO:00002030],waste water [ENVO:00002001],sediment [ENVO:00002007],sediment,USA,2024-08-07 16:38:52.389555,44.0965833,"USA: Manitowoc, WI",exact_location,-87.608572,29269503,SAMN06915712,Chu_2017_sludge,556182,,,,,,,,,,,,,,,,,,,,,,,,,,,,,,,,,,,,,,,,,,,,,,,,,,,,,,,,,,,,,,,,,,,,,,,,,,,,,,Lake Michigan sediment in site 12 near Manitocwoc WWTP,,,,,,Metagenome or environmental sample from freshwater sediment metagenome,,,,,,,,
Chu_2017_sludge.M13,,2015-07-14,,10.1128/AEM.02168-17,aquatic biome [ENVO:00002030],waste water [ENVO:00002001],sediment [ENVO:00002007],sediment,USA,2024-08-07 16:38:52.389555,44.0911333,"USA: Manitowoc, WI",exact_location,-87.6195387,29269503,SAMN06915713,Chu_2017_sludge,556182,,,,,,,,,,,,,,,,,,,,,,,,,,,,,,,,,,,,,,,,,,,,,,,,,,,,,,,,,,,,,,,,,,,,,,,,,,,,,,Lake Michigan sediment in site 13 near Manitocwoc WWTP,,,,,,Metagenome or environmental sample from freshwater sediment metagenome,,,,,,,,
Chu_2017_sludge.M14,,2015-07-14,,10.1128/AEM.02168-17,aquatic biome [ENVO:00002030],waste water [ENVO:00002001],sediment [ENVO:00002007],sediment,USA,2024-08-07 16:38:52.389555,44.0854833,"USA: Manitowoc, WI",exact_location,-87.6268387,29269503,SAMN06915714,Chu_2017_sludge,556182,,,,,,,,,,,,,,,,,,,,,,,,,,,,,,,,,,,,,,,,,,,,,,,,,,,,,,,,,,,,,,,,,,,,,,,,,,,,,,Lake Michigan sediment in site 14 near Manitocwoc WWTP,,,,,,Metagenome or environmental sample from freshwater sediment metagenome,,,,,,,,
Chu_2017_sludge.M3,,2015-07-14,,10.1128/AEM.02168-17,aquatic biome [ENVO:00002030],waste water [ENVO:00002001],sediment [ENVO:00002007],sediment,USA,2024-08-07 16:38:52.389555,44.09845,"USA: Manitowoc, WI",exact_location,-87.6363054,29269503,SAMN06915704,Chu_2017_sludge,556182,,,,,,,,,,,,,,,,,,,,,,,,,,,,,,,,,,,,,,,,,,,,,,,,,,,,,,,,,,,,,,,,,,,,,,,,,,,,,,Lake Michigan sediment in site 3 near Manitocwoc WWTP,,,,,,Metagenome or environmental sample from freshwater sediment metagenome,,,,,,,,
Chu_2017_sludge.M4,,2015-07-14,,10.1128/AEM.02168-17,aquatic biome [ENVO:00002030],waste water [ENVO:00002001],sediment [ENVO:00002007],sediment,USA,2024-08-07 16:38:52.389555,44.09515,"USA: Manitowoc, WI",exact_location,-87.6424554,29269503,SAMN06915705,Chu_2017_sludge,556182,,,,,,,,,,,,,,,,,,,,,,,,,,,,,,,,,,,,,,,,,,,,,,,,,,,,,,,,,,,,,,,,,,,,,,,,,,,,,,Lake Michigan sediment in site 4 near Manitocwoc WWTP,,,,,,Metagenome or environmental sample from freshwater sediment metagenome,,,,,,,,
Chu_2017_sludge.M5,,2015-07-14,,10.1128/AEM.02168-17,aquatic biome [ENVO:00002030],waste water [ENVO:00002001],sediment [ENVO:00002007],sediment,USA,2024-08-07 16:38:52.389555,44.08858,"USA: Manitowoc, WI",exact_location,-87.64555,29269503,SAMN06915706,Chu_2017_sludge,556182,,,,,,,,,,,,,,,,,,,,,,,,,,,,,,,,,,,,,,,,,,,,,,,,,,,,,,,,,,,,,,,,,,,,,,,,,,,,,,Lake Michigan sediment in site 5 near Manitocwoc WWTP,,,,,,Metagenome or environmental sample from freshwater sediment metagenome,,,,,,,,
Chu_2017_sludge.M7,,2015-07-14,,10.1128/AEM.02168-17,aquatic biome [ENVO:00002030],waste water [ENVO:00002001],sediment [ENVO:00002007],sediment,USA,2024-08-07 16:38:52.389555,44.0789333,"USA: Manitowoc, WI",exact_location,-87.649372,29269503,SAMN06915707,Chu_2017_sludge,556182,,,,,,,,,,,,,,,,,,,,,,,,,,,,,,,,,,,,,,,,,,,,,,,,,,,,,,,,,,,,,,,,,,,,,,,,,,,,,,Lake Michigan sediment in site 7 near Manitocwoc WWTP,,,,,,Metagenome or environmental sample from freshwater sediment metagenome,,,,,,,,
Chu_2017_sludge.M8,,2015-07-14,,10.1128/AEM.02168-17,aquatic biome [ENVO:00002030],waste water [ENVO:00002001],sediment [ENVO:00002007],sediment,USA,2024-08-07 16:38:52.389555,44.0733667,"USA: Manitowoc, WI",exact_location,-87.612772,29269503,SAMN06915708,Chu_2017_sludge,556182,,,,,,,,,,,,,,,,,,,,,,,,,,,,,,,,,,,,,,,,,,,,,,,,,,,,,,,,,,,,,,,,,,,,,,,,,,,,,,Lake Michigan sediment in site 8 near Manitocwoc WWTP,,,,,,Metagenome or environmental sample from freshwater sediment metagenome,,,,,,,,
Chu_2017_sludge.M9,,2015-07-14,,10.1128/AEM.02168-17,aquatic biome [ENVO:00002030],waste water [ENVO:00002001],sediment [ENVO:00002007],sediment,USA,2024-08-07 16:38:52.389555,44.0705167,"USA: Manitowoc, WI",exact_location,-87.612772,29269503,SAMN06915709,Chu_2017_sludge,556182,,,,,,,,,,,,,,,,,,,,,,,,,,,,,,,,,,,,,,,,,,,,,,,,,,,,,,,,,,,,,,,,,,,,,,,,,,,,,,Lake Michigan sediment in site 9 near Manitocwoc WWTP,,,,,,Metagenome or environmental sample from freshwater sediment metagenome,,,,,,,,
Chu_2017_sludge.PS1,,2015-07-14,,10.1128/AEM.02168-17,aquatic biome [ENVO:00002030],waste water [ENVO:00002001],sludge [ENVO:00002044],misc,USA,2024-08-07 16:38:52.389555,44.0823076,"USA: Manitowoc, WI",exact_location,-87.6579573,29269503,SAMN07135123,Chu_2017_sludge,527639,,,,,,,,,,,,,,,,,,,,,,,,,,,,,,,,,,,,,,,,,,,,,,,,,,,,,,,,,,,,,,,,,,,,,,,,,,,,,,,,,,,,Manitowoc Primary Sludge 1,,,,,,,,
Chu_2017_sludge.PS2,,2015-07-14,,10.1128/AEM.02168-17,aquatic biome [ENVO:00002030],waste water [ENVO:00002001],sludge [ENVO:00002044],misc,USA,2024-08-07 16:38:52.389555,44.0823076,"USA: Manitowoc, WI",exact_location,-87.6579573,29269503,SAMN07135124,Chu_2017_sludge,527639,,,,,,,,,,,,,,,,,,,,,,,,,,,,,,,,,,,,,,,,,,,,,,,,,,,,,,,,,,,,,,,,,,,,,,,,,,,,,,,,,,,,Manitowoc Primary Sludge 2,,,,,,,,
Chu_2017_sludge.PS3,,2015-07-14,,10.1128/AEM.02168-17,aquatic biome [ENVO:00002030],waste water [ENVO:00002001],sludge [ENVO:00002044],misc,USA,2024-08-07 16:38:52.389555,44.0823076,"USA: Manitowoc, WI",exact_location,-87.6579573,29269503,SAMN07135125,Chu_2017_sludge,527639,,,,,,,,,,,,,,,,,,,,,,,,,,,,,,,,,,,,,,,,,,,,,,,,,,,,,,,,,,,,,,,,,,,,,,,,,,,,,,,,,,,,Manitowoc Primary Sludge 3,,,,,,,,
Chu_2017_sludge.S2,,2015-07-15,,10.1128/AEM.02168-17,aquatic biome [ENVO:00002030],waste water [ENVO:00002001],sediment [ENVO:00002007],sediment,USA,2024-08-07 16:38:52.389555,43.72969,"USA: Sheboygan, WI",exact_location,-87.698377,29269503,SAMN06915716,Chu_2017_sludge,556182,,,,,,,,,,,,,,,,,,,,,,,,,,,,,,,,,,,,,,,,,,,,,,,,,,,,,,,,,,,,,,,,,,,,,,,,,,,,,,Lake Michigan sediment in site 2 near Sheboygan WWTP,,,,,,Metagenome or environmental sample from freshwater sediment metagenome,,,,,,,,
Chu_2017_sludge.S3,,2015-07-15,,10.1128/AEM.02168-17,aquatic biome [ENVO:00002030],waste water [ENVO:00002001],sediment [ENVO:00002007],sediment,USA,2024-08-07 16:38:52.389555,43.729418,"USA: Sheboygan, WI",exact_location,-87.695972,29269503,SAMN06915717,Chu_2017_sludge,556182,,,,,,,,,,,,,,,,,,,,,,,,,,,,,,,,,,,,,,,,,,,,,,,,,,,,,,,,,,,,,,,,,,,,,,,,,,,,,,Lake Michigan sediment in site 3 near Sheboygan WWTP,,,,,,Metagenome or environmental sample from freshwater sediment metagenome,,,,,,,,
Chu_2017_sludge.S4,,2015-07-15,,10.1128/AEM.02168-17,aquatic biome [ENVO:00002030],waste water [ENVO:00002001],sediment [ENVO:00002007],sediment,USA,2024-08-07 16:38:52.389555,43.729607,"USA: Sheboygan, WI",exact_location,-87.684798,29269503,SAMN06915718,Chu_2017_sludge,556182,,,,,,,,,,,,,,,,,,,,,,,,,,,,,,,,,,,,,,,,,,,,,,,,,,,,,,,,,,,,,,,,,,,,,,,,,,,,,,Lake Michigan sediment in site 4 near Sheboygan WWTP,,,,,,Metagenome or environmental sample from freshwater sediment metagenome,,,,,,,,
Chu_2017_sludge.S5,,2015-07-15,,10.1128/AEM.02168-17,aquatic biome [ENVO:00002030],waste water [ENVO:00002001],sediment [ENVO:00002007],sediment,USA,2024-08-07 16:38:52.389555,43.735683,"USA: Sheboygan, WI",exact_location,-87.680082,29269503,SAMN06915719,Chu_2017_sludge,556182,,,,,,,,,,,,,,,,,,,,,,,,,,,,,,,,,,,,,,,,,,,,,,,,,,,,,,,,,,,,,,,,,,,,,,,,,,,,,,Lake Michigan sediment in site 5 near Sheboygan WWTP,,,,,,Metagenome or environmental sample from freshwater sediment metagenome,,,,,,,,
Chu_2017_sludge.S6,,2015-07-15,,10.1128/AEM.02168-17,aquatic biome [ENVO:00002030],waste water [ENVO:00002001],sediment [ENVO:00002007],sediment,USA,2024-08-07 16:38:52.389555,43.723898,"USA: Sheboygan, WI",exact_location,-87.68504,29269503,SAMN06915720,Chu_2017_sludge,556182,,,,,,,,,,,,,,,,,,,,,,,,,,,,,,,,,,,,,,,,,,,,,,,,,,,,,,,,,,,,,,,,,,,,,,,,,,,,,,Lake Michigan sediment in site 6 near Sheboygan WWTP,,,,,,Metagenome or environmental sample from freshwater sediment metagenome,,,,,,,,
Chu_2017_sludge.SE1,,2015-07-15,,10.1128/AEM.02168-17,aquatic biome [ENVO:00002030],waste water [ENVO:00002001],waste water [ENVO:00002001],water,USA,2024-08-07 16:38:52.389555,43.718756,"USA: Sheboygan, WI",exact_location,-87.708365,29269503,SAMN06928188,Chu_2017_sludge,449393,,,,,,,,,,,,,,,,,,,,,,,,,,,,,,,,,,,,,,,,,,,,,,,,,,,,,,,,,,,,,,,,,,,,,,,,,,,,,,Sheboygan wastewater treatment plant effluent (0.22um filter),,,,,,Metagenome or environmental sample from freshwater metagenome,,,,,,,,
Chu_2017_sludge.SE2,,2015-07-15,,10.1128/AEM.02168-17,aquatic biome [ENVO:00002030],waste water [ENVO:00002001],waste water [ENVO:00002001],water,USA,2024-08-07 16:38:52.389555,43.718756,"USA: Sheboygan, WI",exact_location,-87.708365,29269503,SAMN06928189,Chu_2017_sludge,449393,,,,,,,,,,,,,,,,,,,,,,,,,,,,,,,,,,,,,,,,,,,,,,,,,,,,,,,,,,,,,,,,,,,,,,,,,,,,,,Sheboygan wastewater treatment plant effluent (0.22um filter),,,,,,Metagenome or environmental sample from freshwater metagenome,,,,,,,,
Chu_2017_sludge.SE3,,2015-07-15,,10.1128/AEM.02168-17,aquatic biome [ENVO:00002030],waste water [ENVO:00002001],waste water [ENVO:00002001],water,USA,2024-08-07 16:38:52.389555,43.718756,"USA: Sheboygan, WI",exact_location,-87.708365,29269503,SAMN06928190,Chu_2017_sludge,449393,,,,,,,,,,,,,,,,,,,,,,,,,,,,,,,,,,,,,,,,,,,,,,,,,,,,,,,,,,,,,,,,,,,,,,,,,,,,,,Sheboygan wastewater treatment plant effluent (0.22um filter),,,,,,Metagenome or environmental sample from freshwater metagenome,,,,,,,,
Chu_2017_sludge.SE_P,,2015-07-15,,10.1128/AEM.02168-17,aquatic biome [ENVO:00002030],waste water [ENVO:00002001],waste water [ENVO:00002001],water,USA,2024-08-07 16:38:52.389555,43.718756,"USA: Sheboygan, WI",exact_location,-87.708365,29269503,SAMN06928187,Chu_2017_sludge,449393,,,,,,,,,,,,,,,,,,,,,,,,,,,,,,,,,,,,,,,,,,,,,,,,,,,,,,,,,,,,,,,,,,,,,,,,,,,,,,Sheboygan wastewater treatment plant effluent (1.6um filter),,,,,,Metagenome or environmental sample from freshwater metagenome,,,,,,,,
Chu_2017_sludge.SI1,,2015-07-15,,10.1128/AEM.02168-17,aquatic biome [ENVO:00002030],waste water [ENVO:00002001],waste water [ENVO:00002001],misc,USA,2024-08-07 16:38:52.389555,43.718756,"USA: Sheboygan, WI",exact_location,-87.708365,29269503,SAMN07135115,Chu_2017_sludge,527639,,,,,,,,,,,,,,,,,,,,,,,,,,,,,,,,,,,,,,,,,,,,,,,,,,,,,,,,,,,,,,,,,,,,,,,,,,,,,,,,,,,,Sheboygan Influent 1,,,,,,,,
Chu_2017_sludge.SI2,,2015-07-15,,10.1128/AEM.02168-17,aquatic biome [ENVO:00002030],waste water [ENVO:00002001],waste water [ENVO:00002001],misc,USA,2024-08-07 16:38:52.389555,43.718756,"USA: Sheboygan, WI",exact_location,-87.708365,29269503,SAMN07135116,Chu_2017_sludge,527639,,,,,,,,,,,,,,,,,,,,,,,,,,,,,,,,,,,,,,,,,,,,,,,,,,,,,,,,,,,,,,,,,,,,,,,,,,,,,,,,,,,,Sheboygan Influent 2,,,,,,,,
Chu_2017_sludge.SI3,,2015-07-15,,10.1128/AEM.02168-17,aquatic biome [ENVO:00002030],waste water [ENVO:00002001],waste water [ENVO:00002001],misc,USA,2024-08-07 16:38:52.389555,43.718756,"USA: Sheboygan, WI",exact_location,-87.708365,29269503,SAMN07135117,Chu_2017_sludge,527639,,,,,,,,,,,,,,,,,,,,,,,,,,,,,,,,,,,,,,,,,,,,,,,,,,,,,,,,,,,,,,,,,,,,,,,,,,,,,,,,,,,,Sheboygan Influent 3,,,,,,,,
Chu_2017_sludge.SIP,,2015-07-15,,10.1128/AEM.02168-17,aquatic biome [ENVO:00002030],waste water [ENVO:00002001],waste water [ENVO:00002001],misc,USA,2024-08-07 16:38:52.389555,43.718756,"USA: Sheboygan, WI",exact_location,-87.708365,29269503,SAMN07135118,Chu_2017_sludge,527639,,,,,,,,,,,,,,,,,,,,,,,,,,,,,,,,,,,,,,,,,,,,,,,,,,,,,,,,,,,,,,,,,,,,,,,,,,,,,,,,,,,,Sheboygan Influent Prefilter,,,,,,,,
Chu_2017_sludge.S_AS1,,2015-07-15,,10.1128/AEM.02168-17,aquatic biome [ENVO:00002030],waste water [ENVO:00002001],sludge [ENVO:00002044],misc,USA,2024-08-07 16:38:52.389555,43.718756,"USA: Sheboygan, WI",exact_location,-87.708365,29269503,SAMN07135108,Chu_2017_sludge,527639,,,,,,,,,,,,,,,,,,,,,,,,,,,,,,,,,,,,,,,,,,,,,,,,,,,,,,,,,,,,,,,,,,,,,,,,,,,,,,,,,,,,Sheboygan Activated Sludge 1,,,,,,,,
Chu_2017_sludge.S_AS2,,2015-07-15,,10.1128/AEM.02168-17,aquatic biome [ENVO:00002030],waste water [ENVO:00002001],sludge [ENVO:00002044],misc,USA,2024-08-07 16:38:52.389555,43.718756,"USA: Sheboygan, WI",exact_location,-87.708365,29269503,SAMN07135109,Chu_2017_sludge,527639,,,,,,,,,,,,,,,,,,,,,,,,,,,,,,,,,,,,,,,,,,,,,,,,,,,,,,,,,,,,,,,,,,,,,,,,,,,,,,,,,,,,Sheboygan Activated Sludge 2,,,,,,,,
Chu_2017_sludge.S_AS3,,2015-07-15,,10.1128/AEM.02168-17,aquatic biome [ENVO:00002030],waste water [ENVO:00002001],sludge [ENVO:00002044],misc,USA,2024-08-07 16:38:52.389555,43.718756,"USA: Sheboygan, WI",exact_location,-87.708365,29269503,SAMN07135110,Chu_2017_sludge,527639,,,,,,,,,,,,,,,,,,,,,,,,,,,,,,,,,,,,,,,,,,,,,,,,,,,,,,,,,,,,,,,,,,,,,,,,,,,,,,,,,,,,Sheboygan Activated Sludge 3,,,,,,,,
Chu_2017_sludge.S_FCW1,,2015-07-15,,10.1128/AEM.02168-17,aquatic biome [ENVO:00002030],waste water [ENVO:00002001],waste water [ENVO:00002001],misc,USA,2024-08-07 16:38:52.389555,43.718756,"USA: Sheboygan, WI",exact_location,-87.708365,29269503,SAMN07135111,Chu_2017_sludge,527639,,,,,,,,,,,,,,,,,,,,,,,,,,,,,,,,,,,,,,,,,,,,,,,,,,,,,,,,,,,,,,,,,,,,,,,,,,,,,,,,,,,,Sheboygan Final Clarifier Water 1,,,,,,,,
Chu_2017_sludge.S_FCW2,,2015-07-15,,10.1128/AEM.02168-17,aquatic biome [ENVO:00002030],waste water [ENVO:00002001],waste water [ENVO:00002001],misc,USA,2024-08-07 16:38:52.389555,43.718756,"USA: Sheboygan, WI",exact_location,-87.708365,29269503,SAMN07135112,Chu_2017_sludge,527639,,,,,,,,,,,,,,,,,,,,,,,,,,,,,,,,,,,,,,,,,,,,,,,,,,,,,,,,,,,,,,,,,,,,,,,,,,,,,,,,,,,,Sheboygan Final Clarifier Water 2,,,,,,,,
Chu_2017_sludge.S_FCW3,,2015-07-15,,10.1128/AEM.02168-17,aquatic biome [ENVO:00002030],waste water [ENVO:00002001],waste water [ENVO:00002001],misc,USA,2024-08-07 16:38:52.389555,43.718756,"USA: Sheboygan, WI",exact_location,-87.708365,29269503,SAMN07135113,Chu_2017_sludge,527639,,,,,,,,,,,,,,,,,,,,,,,,,,,,,,,,,,,,,,,,,,,,,,,,,,,,,,,,,,,,,,,,,,,,,,,,,,,,,,,,,,,,Sheboygan Final Clarifier Water 3,,,,,,,,
Chu_2017_sludge.S_FCWP,,2015-07-15,,10.1128/AEM.02168-17,aquatic biome [ENVO:00002030],waste water [ENVO:00002001],waste water [ENVO:00002001],misc,USA,2024-08-07 16:38:52.389555,43.718756,"USA: Sheboygan, WI",exact_location,-87.708365,29269503,SAMN07135114,Chu_2017_sludge,527639,,,,,,,,,,,,,,,,,,,,,,,,,,,,,,,,,,,,,,,,,,,,,,,,,,,,,,,,,,,,,,,,,,,,,,,,,,,,,,,,,,,,Sheboygan Final Clarifier Water Prefilter,,,,,,,,
Lekunberri_2018_river_wastewater.DOWN1,,2016-04-18,,10.1016/j.envpol.2017.12.001,wastewater treatment plant [ENVO:00002043],waste water [ENVO:00002001],river water [ENVO:01000599],water,Spain,2024-08-07 17:22:45.284924,42.025312,Spain: Girona,city,2.831897,29220785,SAMN06052522,Lekunberri_2018_river_wastewater,1169740,,,,,,,,,,,,,,,,,,,,,,,,,,,,,,,,,,,,,,,,,,,,,,,,,,,,,,,,,,,,,,,,,,,,,,,,,,,,,,,,,,,,,,,,,,,,
Lekunberri_2018_river_wastewater.DOWN2,,2016-04-18,,10.1016/j.envpol.2017.12.001,wastewater treatment plant [ENVO:00002043],waste water [ENVO:00002001],river water [ENVO:01000599],water,Spain,2024-08-07 17:22:45.284924,42.025312,Spain: Girona,city,2.831897,29220785,SAMN06052523,Lekunberri_2018_river_wastewater,1169740,,,,,,,,,,,,,,,,,,,,,,,,,,,,,,,,,,,,,,,,,,,,,,,,,,,,,,,,,,,,,,,,,,,,,,,,,,,,,,,,,,,,,,,,,,,,
Lekunberri_2018_river_wastewater.DOWN3,,2016-04-18,,10.1016/j.envpol.2017.12.001,wastewater treatment plant [ENVO:00002043],waste water [ENVO:00002001],river water [ENVO:01000599],water,Spain,2024-08-07 17:22:45.284924,42.025312,Spain: Girona,city,2.831897,29220785,SAMN06052524,Lekunberri_2018_river_wastewater,1169740,,,,,,,,,,,,,,,,,,,,,,,,,,,,,,,,,,,,,,,,,,,,,,,,,,,,,,,,,,,,,,,,,,,,,,,,,,,,,,,,,,,,,,,,,,,,
Lekunberri_2018_river_wastewater.DOWN4,,2016-04-18,,10.1016/j.envpol.2017.12.001,wastewater treatment plant [ENVO:00002043],waste water [ENVO:00002001],river water [ENVO:01000599],water,Spain,2024-08-07 17:22:45.284924,42.025312,Spain: Girona,city,2.831897,29220785,SAMN06052525,Lekunberri_2018_river_wastewater,1169740,,,,,,,,,,,,,,,,,,,,,,,,,,,,,,,,,,,,,,,,,,,,,,,,,,,,,,,,,,,,,,,,,,,,,,,,,,,,,,,,,,,,,,,,,,,,
Lekunberri_2018_river_wastewater.DOWN5,,2016-04-18,,10.1016/j.envpol.2017.12.001,wastewater treatment plant [ENVO:00002043],waste water [ENVO:00002001],river water [ENVO:01000599],water,Spain,2024-08-07 17:22:45.284924,42.025312,Spain: Girona,city,2.831897,29220785,SAMN06052526,Lekunberri_2018_river_wastewater,1169740,,,,,,,,,,,,,,,,,,,,,,,,,,,,,,,,,,,,,,,,,,,,,,,,,,,,,,,,,,,,,,,,,,,,,,,,,,,,,,,,,,,,,,,,,,,,
Lekunberri_2018_river_wastewater.DOWN6,,2016-04-18,,10.1016/j.envpol.2017.12.001,wastewater treatment plant [ENVO:00002043],waste water [ENVO:00002001],river water [ENVO:01000599],water,Spain,2024-08-07 17:22:45.284924,42.025312,Spain: Girona,city,2.831897,29220785,SAMN06052527,Lekunberri_2018_river_wastewater,1169740,,,,,,,,,,,,,,,,,,,,,,,,,,,,,,,,,,,,,,,,,,,,,,,,,,,,,,,,,,,,,,,,,,,,,,,,,,,,,,,,,,,,,,,,,,,,
Lekunberri_2018_river_wastewater.UP1,,2016-04-18,,10.1016/j.envpol.2017.12.001,wastewater treatment plant [ENVO:00002043],waste water [ENVO:00002001],river water [ENVO:01000599],water,Spain,2024-08-07 17:22:45.284924,42.025312,Spain: Girona,city,2.831897,29220785,SAMN06052516,Lekunberri_2018_river_wastewater,1169740,,,,,,,,,,,,,,,,,,,,,,,,,,,,,,,,,,,,,,,,,,,,,,,,,,,,,,,,,,,,,,,,,,,,,,,,,,,,,,,,,,,,,,,,,,,,
Lekunberri_2018_river_wastewater.UP2,,2016-04-18,,10.1016/j.envpol.2017.12.001,wastewater treatment plant [ENVO:00002043],waste water [ENVO:00002001],river water [ENVO:01000599],water,Spain,2024-08-07 17:22:45.284924,42.025312,Spain: Girona,city,2.831897,29220785,SAMN06052517,Lekunberri_2018_river_wastewater,1169740,,,,,,,,,,,,,,,,,,,,,,,,,,,,,,,,,,,,,,,,,,,,,,,,,,,,,,,,,,,,,,,,,,,,,,,,,,,,,,,,,,,,,,,,,,,,
Lekunberri_2018_river_wastewater.UP3,,2016-04-18,,10.1016/j.envpol.2017.12.001,wastewater treatment plant [ENVO:00002043],waste water [ENVO:00002001],river water [ENVO:01000599],water,Spain,2024-08-07 17:22:45.284924,42.025312,Spain: Girona,city,2.831897,29220785,SAMN06052518,Lekunberri_2018_river_wastewater,1169740,,,,,,,,,,,,,,,,,,,,,,,,,,,,,,,,,,,,,,,,,,,,,,,,,,,,,,,,,,,,,,,,,,,,,,,,,,,,,,,,,,,,,,,,,,,,
Lekunberri_2018_river_wastewater.UP4,,2016-04-18,,10.1016/j.envpol.2017.12.001,wastewater treatment plant [ENVO:00002043],waste water [ENVO:00002001],river water [ENVO:01000599],water,Spain,2024-08-07 17:22:45.284924,42.025312,Spain: Girona,city,2.831897,29220785,SAMN06052519,Lekunberri_2018_river_wastewater,1169740,,,,,,,,,,,,,,,,,,,,,,,,,,,,,,,,,,,,,,,,,,,,,,,,,,,,,,,,,,,,,,,,,,,,,,,,,,,,,,,,,,,,,,,,,,,,
Lekunberri_2018_river_wastewater.UP5,,2016-04-18,,10.1016/j.envpol.2017.12.001,wastewater treatment plant [ENVO:00002043],waste water [ENVO:00002001],river water [ENVO:01000599],water,Spain,2024-08-07 17:22:45.284924,42.025312,Spain: Girona,city,2.831897,29220785,SAMN06052520,Lekunberri_2018_river_wastewater,1169740,,,,,,,,,,,,,,,,,,,,,,,,,,,,,,,,,,,,,,,,,,,,,,,,,,,,,,,,,,,,,,,,,,,,,,,,,,,,,,,,,,,,,,,,,,,,
Lekunberri_2018_river_wastewater.UP6,,2016-04-18,,10.1016/j.envpol.2017.12.001,wastewater treatment plant [ENVO:00002043],waste water [ENVO:00002001],river water [ENVO:01000599],water,Spain,2024-08-07 17:22:45.284924,42.025312,Spain: Girona,city,2.831897,29220785,SAMN06052521,Lekunberri_2018_river_wastewater,1169740,,,,,,,,,,,,,,,,,,,,,,,,,,,,,,,,,,,,,,,,,,,,,,,,,,,,,,,,,,,,,,,,,,,,,,,,,,,,,,,,,,,,,,,,,,,,
Rowe_2017_hospital_wastewater.sample_AH1,,2013-05-02,,10.1093/jac/dkx017,anthropogenic terrestrial biome [ENVO:01000219],hospital [ENVO:00002173],waste water [ENVO:00002001],misc,United Kingdom,2024-08-07 17:58:18.790964,52.174343,,exact_location,0.139346,28175320,SAMEA3712774,Rowe_2017_hospital_wastewater,527639,,,,,,,,,,,,,,,,,,,,,,,,,,,,,,,,,,,,,,,,,,,,,,,,,,,,,,,,,,,,,,,,,,,,,,,,,,,,,,,,,,,,phd_metagenome_,,,,,,,,
Rowe_2017_hospital_wastewater.sample_AH2,,2014-08-04,,10.1093/jac/dkx017,anthropogenic terrestrial biome [ENVO:01000219],hospital [ENVO:00002173],waste water [ENVO:00002001],misc,United Kingdom,2024-08-07 17:58:18.790964,52.174343,,exact_location,0.139346,28175320,SAMEA3712775,Rowe_2017_hospital_wastewater,527639,,,,,,,,,,,,,,,,,,,,,,,,,,,,,,,,,,,,,,,,,,,,,,,,,,,,,,,,,,,,,,,,,,,,,,,,,,,,,,,,,,,,phd_metagenome_,,,,,,,,
Rowe_2017_hospital_wastewater.sample_AH3,,2014-09-15,,10.1093/jac/dkx017,anthropogenic terrestrial biome [ENVO:01000219],hospital [ENVO:00002173],waste water [ENVO:00002001],misc,United Kingdom,2024-08-07 17:58:18.790964,52.174343,,exact_location,0.139346,28175320,SAMEA3712776,Rowe_2017_hospital_wastewater,527639,,,,,,,,,,,,,,,,,,,,,,,,,,,,,,,,,,,,,,,,,,,,,,,,,,,,,,,,,,,,,,,,,,,,,,,,,,,,,,,,,,,,phd_metagenome_,,,,,,,,
Rowe_2017_hospital_wastewater.sample_AH4,,2014-09-29,,10.1093/jac/dkx017,anthropogenic terrestrial biome [ENVO:01000219],hospital [ENVO:00002173],waste water [ENVO:00002001],misc,United Kingdom,2024-08-07 17:58:18.790964,52.174343,,exact_location,0.139346,28175320,SAMEA3712777,Rowe_2017_hospital_wastewater,527639,,,,,,,,,,,,,,,,,,,,,,,,,,,,,,,,,,,,,,,,,,,,,,,,,,,,,,,,,,,,,,,,,,,,,,,,,,,,,,,,,,,,phd_metagenome_,,,,,,,,
Rowe_2017_hospital_wastewater.sample_AH5,,2014-10-27,,10.1093/jac/dkx017,anthropogenic terrestrial biome [ENVO:01000219],hospital [ENVO:00002173],waste water [ENVO:00002001],misc,United Kingdom,2024-08-07 17:58:18.790964,52.174343,,exact_location,0.139346,28175320,SAMEA3712778,Rowe_2017_hospital_wastewater,527639,,,,,,,,,,,,,,,,,,,,,,,,,,,,,,,,,,,,,,,,,,,,,,,,,,,,,,,,,,,,,,,,,,,,,,,,,,,,,,,,,,,,phd_metagenome_,,,,,,,,
Rowe_2017_hospital_wastewater.sample_AH6,,2014-11-24,,10.1093/jac/dkx017,anthropogenic terrestrial biome [ENVO:01000219],hospital [ENVO:00002173],waste water [ENVO:00002001],misc,United Kingdom,2024-08-07 17:58:18.790964,52.174343,,exact_location,0.139346,28175320,SAMEA3712779,Rowe_2017_hospital_wastewater,527639,,,,,,,,,,,,,,,,,,,,,,,,,,,,,,,,,,,,,,,,,,,,,,,,,,,,,,,,,,,,,,,,,,,,,,,,,,,,,,,,,,,,phd_metagenome_,,,,,,,,
Rowe_2017_hospital_wastewater.sample_AS1,,2013-05-02,,"10.1093/jac/dkx017, 10.2166/wst.2015.634",freshwater river biome [ENVO:01000253],river [ENVO:00000022],river water [ENVO:01000599],water,United Kingdom,2024-08-07 17:58:18.790964,52.0421,,exact_location,0.1497,"27054725, 28175320",SAMEA3712800,Rowe_2017_hospital_wastewater,449393,,,,,,,,,,,,,,,,,,,,,,,,,,,,,,,,,,,,,,,,,,,,,,,,,,,,,,,,,,,,,,,,,,,,,,,,,,,,,,,,,,,,phd_metagenome_,,,,,,,,
Rowe_2017_hospital_wastewater.sample_AS2,,2014-08-04,,10.1093/jac/dkx017,freshwater river biome [ENVO:01000253],river [ENVO:00000022],river water [ENVO:01000599],water,United Kingdom,2024-08-07 17:58:18.790964,52.0421,,exact_location,0.1497,28175320,SAMEA3712801,Rowe_2017_hospital_wastewater,449393,,,,,,,,,,,,,,,,,,,,,,,,,,,,,,,,,,,,,,,,,,,,,,,,,,,,,,,,,,,,,,,,,,,,,,,,,,,,,,,,,,,,phd_metagenome_,,,,,,,,
Rowe_2017_hospital_wastewater.sample_AS3,,2014-09-15,,10.1093/jac/dkx017,freshwater river biome [ENVO:01000253],river [ENVO:00000022],river water [ENVO:01000599],water,United Kingdom,2024-08-07 17:58:18.790964,52.0421,,exact_location,0.1497,28175320,SAMEA3712802,Rowe_2017_hospital_wastewater,449393,,,,,,,,,,,,,,,,,,,,,,,,,,,,,,,,,,,,,,,,,,,,,,,,,,,,,,,,,,,,,,,,,,,,,,,,,,,,,,,,,,,,phd_metagenome_,,,,,,,,
Rowe_2017_hospital_wastewater.sample_DF1,,2013-05-02,,"10.1093/jac/dkx017, 10.2166/wst.2015.634",anthropogenic terrestrial biome [ENVO:01000219],farm [ENVO:00000078],waste water [ENVO:00002001],misc,United Kingdom,2024-08-07 17:58:18.790964,52.22259,,exact_location,0.02603,"27054725, 28175320",SAMEA3712872,Rowe_2017_hospital_wastewater,527639,,,,,,,,,,,,,,,,,,,,,,,,,,,,,,,,,,,,,,,,,,,,,,,,,,,,,,,,,,,,,,,,,,,,,,,,,,,,,,,,,,,,phd_metagenome,,,,,,,,
Rowe_2017_hospital_wastewater.sample_DF2,,2014-08-06,,"10.1093/jac/dkx017, 10.2166/wst.2015.634",anthropogenic terrestrial biome [ENVO:01000219],farm [ENVO:00000078],waste water [ENVO:00002001],misc,United Kingdom,2024-08-07 17:58:18.790964,52.22259,,exact_location,0.02603,"27054725, 28175320",SAMEA3712806,Rowe_2017_hospital_wastewater,527639,,,,,,,,,,,,,,,,,,,,,,,,,,,,,,,,,,,,,,,,,,,,,,,,,,,,,,,,,,,,,,,,,,,,,,,,,,,,,,,,,,,,phd_metagenome_,,,,,,,,
Rowe_2017_hospital_wastewater.sample_DF3,,2014-09-15,,10.1093/jac/dkx017,anthropogenic terrestrial biome [ENVO:01000219],farm [ENVO:00000078],waste water [ENVO:00002001],misc,United Kingdom,2024-08-07 17:58:18.790964,52.22259,,exact_location,0.02603,28175320,SAMEA3712807,Rowe_2017_hospital_wastewater,527639,,,,,,,,,,,,,,,,,,,,,,,,,,,,,,,,,,,,,,,,,,,,,,,,,,,,,,,,,,,,,,,,,,,,,,,,,,,,,,,,,,,,phd_metagenome_,,,,,,,,
Rowe_2017_hospital_wastewater.sample_DF4,,2014-09-29,,10.1093/jac/dkx017,anthropogenic terrestrial biome [ENVO:01000219],farm [ENVO:00000078],waste water [ENVO:00002001],misc,United Kingdom,2024-08-07 17:58:18.790964,52.22259,,exact_location,0.02603,28175320,SAMEA3712808,Rowe_2017_hospital_wastewater,527639,,,,,,,,,,,,,,,,,,,,,,,,,,,,,,,,,,,,,,,,,,,,,,,,,,,,,,,,,,,,,,,,,,,,,,,,,,,,,,,,,,,,phd_metagenome_,,,,,,,,
Rowe_2017_hospital_wastewater.sample_DF5,,2014-10-27,,10.1093/jac/dkx017,anthropogenic terrestrial biome [ENVO:01000219],farm [ENVO:00000078],waste water [ENVO:00002001],misc,United Kingdom,2024-08-07 17:58:18.790964,52.22259,,exact_location,0.02603,28175320,SAMEA3712809,Rowe_2017_hospital_wastewater,527639,,,,,,,,,,,,,,,,,,,,,,,,,,,,,,,,,,,,,,,,,,,,,,,,,,,,,,,,,,,,,,,,,,,,,,,,,,,,,,,,,,,,phd_metagenome_,,,,,,,,
Rowe_2017_hospital_wastewater.sample_DF6,,2014-11-24,,10.1093/jac/dkx017,anthropogenic terrestrial biome [ENVO:01000219],farm [ENVO:00000078],waste water [ENVO:00002001],misc,United Kingdom,2024-08-07 17:58:18.790964,52.22259,,exact_location,0.02603,28175320,SAMEA3712810,Rowe_2017_hospital_wastewater,527639,,,,,,,,,,,,,,,,,,,,,,,,,,,,,,,,,,,,,,,,,,,,,,,,,,,,,,,,,,,,,,,,,,,,,,,,,,,,,,,,,,,,phd_metagenome_,,,,,,,,
Rowe_2017_hospital_wastewater.sample_DF7,,2013-01-01,2014-12-31,10.1093/jac/dkx017,anthropogenic terrestrial biome [ENVO:01000219],waste water [ENVO:00002001],waste water [ENVO:00002001],misc,United Kingdom,2024-08-07 17:58:18.790964,52.2,,exact_location,0.12,28175320,SAMEA3712873,Rowe_2017_hospital_wastewater,527639,,,,,,,,,,,,,,,,,,,,,,,,,,,,,,,,,,,,,,,,,,,,,,,,,,,,,,,,,,,,,,,,,,,,,,,,,,,,,,,,,,,,phd_metagenome,,,,,,,,
Rowe_2017_hospital_wastewater.sample_PF1,,2013-01-01,2014-12-31,10.1093/jac/dkx017,anthropogenic terrestrial biome [ENVO:01000219],waste water [ENVO:00002001],waste water [ENVO:00002001],misc,United Kingdom,2024-08-07 17:58:18.790964,52.2,,exact_location,0.12,28175320,SAMEA3712796,Rowe_2017_hospital_wastewater,527639,,,,,,,,,,,,,,,,,,,,,,,,,,,,,,,,,,,,,,,,,,,,,,,,,,,,,,,,,,,,,,,,,,,,,,,,,,,,,,,,,,,,phd_metagenome_,,,,,,,,
Rowe_2017_hospital_wastewater.sample_WW1,,2013-01-01,2014-12-31,10.1093/jac/dkx017,anthropogenic terrestrial biome [ENVO:01000219],waste water [ENVO:00002001],waste water [ENVO:00002001],misc,United Kingdom,2024-08-07 17:58:18.790964,52.2,,exact_location,0.12,28175320,SAMEA3712871,Rowe_2017_hospital_wastewater,527639,,,,,,,,,,,,,,,,,,,,,,,,,,,,,,,,,,,,,,,,,,,,,,,,,,,,,,,,,,,,,,,,,,,,,,,,,,,,,,,,,,,,phd_metagenome,,,,,,,,
Rowe_2017_hospital_wastewater.sample_WW3,,2013-01-01,2014-12-31,10.1093/jac/dkx017,anthropogenic terrestrial biome [ENVO:01000219],waste water [ENVO:00002001],waste water [ENVO:00002001],misc,United Kingdom,2024-08-07 17:58:18.790964,52.2,,exact_location,0.12,28175320,SAMEA3712798,Rowe_2017_hospital_wastewater,527639,,,,,,,,,,,,,,,,,,,,,,,,,,,,,,,,,,,,,,,,,,,,,,,,,,,,,,,,,,,,,,,,,,,,,,,,,,,,,,,,,,,,phd_metagenome_,,,,,,,,
Rowe_2017_hospital_wastewater.sample_WW4,,2013-01-01,2014-12-31,10.1093/jac/dkx017,anthropogenic terrestrial biome [ENVO:01000219],waste water [ENVO:00002001],waste water [ENVO:00002001],misc,United Kingdom,2024-08-07 17:58:18.790964,52.2,,exact_location,0.12,28175320,SAMEA3712799,Rowe_2017_hospital_wastewater,527639,,,,,,,,,,,,,,,,,,,,,,,,,,,,,,,,,,,,,,,,,,,,,,,,,,,,,,,,,,,,,,,,,,,,,,,,,,,,,,,,,,,,phd_metagenome_,,,,,,,,
Schulz_2017_wastewater.1039499,cultivation,2014-01-01,2015-12-31,10.1126/science.aal4657,industrial wastewater [ENVO:01000964],waste water [ENVO:00002001],activated sludge [ENVO:00002046],misc,Austria,2024-08-07 18:00:19.328146,48.3,Austria: Klosterneuburg,exact_location,16.2,28386012,SAMN02943519,Schulz_2017_wastewater,942017,,,,,,,,,,,,,,,,,,,,,,,,,,,,,,,,,,,,,,,,,,,,,,,,,,,,,,,,,,,,,,,,,,,,,,,,,,,,,,,,,,,,,,,,,,,,
Schulz_2017_wastewater.Gp0090753,cultivation,2014-01-01,2015-12-31,10.1126/science.aal4657,industrial wastewater [ENVO:01000964],waste water [ENVO:00002001],activated sludge [ENVO:00002046],misc,Austria,2024-08-07 18:00:19.328146,48.3,Austria: Klosterneuburg,exact_location,16.2,28386012,SAMN06161103,Schulz_2017_wastewater,942017,,,,,,,,,,,,,,,,,,,,,,,,,,,,,,,,,,,,,,,,,,,,,,,,,,,,,,,,,,,,,,,,,,,,,,,,,,,,,,,,,,,,,,,,,,,,
Schulz_2017_wastewater.Gp0090754,cultivation,2014-01-01,2015-12-31,10.1126/science.aal4657,industrial wastewater [ENVO:01000964],waste water [ENVO:00002001],activated sludge [ENVO:00002046],misc,Austria,2024-08-07 18:00:19.328146,48.3,Austria: Klosterneuburg,exact_location,16.2,28386012,SAMN06161104,Schulz_2017_wastewater,942017,,,,,,,,,,,,,,,,,,,,,,,,,,,,,,,,,,,,,,,,,,,,,,,,,,,,,,,,,,,,,,,,,,,,,,,,,,,,,,,,,,,,,,,,,,,,
Schulz_2017_wastewater.Gp0090755,cultivation,2014-01-01,2015-12-31,10.1126/science.aal4657,industrial wastewater [ENVO:01000964],waste water [ENVO:00002001],activated sludge [ENVO:00002046],misc,Austria,2024-08-07 18:00:19.328146,48.3,Austria: Klosterneuburg,exact_location,16.2,28386012,SAMN06161105,Schulz_2017_wastewater,942017,,,,,,,,,,,,,,,,,,,,,,,,,,,,,,,,,,,,,,,,,,,,,,,,,,,,,,,,,,,,,,,,,,,,,,,,,,,,,,,,,,,,,,,,,,,,
Schulz_2017_wastewater.Gp0090756,cultivation,2014-01-01,2015-12-31,10.1126/science.aal4657,industrial wastewater [ENVO:01000964],waste water [ENVO:00002001],activated sludge [ENVO:00002046],misc,Austria,2024-08-07 18:00:19.328146,48.3,Austria: Klosterneuburg,exact_location,16.2,28386012,SAMN06161106,Schulz_2017_wastewater,942017,,,,,,,,,,,,,,,,,,,,,,,,,,,,,,,,,,,,,,,,,,,,,,,,,,,,,,,,,,,,,,,,,,,,,,,,,,,,,,,,,,,,,,,,,,,,
Schulz_2017_wastewater.Gp0090758,cultivation,2014-01-01,2015-12-31,10.1126/science.aal4657,industrial wastewater [ENVO:01000964],waste water [ENVO:00002001],activated sludge [ENVO:00002046],misc,Austria,2024-08-07 18:00:19.328146,48.3,Austria: Klosterneuburg,exact_location,16.2,28386012,SAMN06161109,Schulz_2017_wastewater,942017,,,,,,,,,,,,,,,,,,,,,,,,,,,,,,,,,,,,,,,,,,,,,,,,,,,,,,,,,,,,,,,,,,,,,,,,,,,,,,,,,,,,,,,,,,,,
Schulz_2017_wastewater.Gp0090759,cultivation,2014-01-01,2015-12-31,10.1126/science.aal4657,industrial wastewater [ENVO:01000964],waste water [ENVO:00002001],activated sludge [ENVO:00002046],misc,Austria,2024-08-07 18:00:19.328146,48.3,Austria: Klosterneuburg,exact_location,16.2,28386012,SAMN06161110,Schulz_2017_wastewater,942017,,,,,,,,,,,,,,,,,,,,,,,,,,,,,,,,,,,,,,,,,,,,,,,,,,,,,,,,,,,,,,,,,,,,,,,,,,,,,,,,,,,,,,,,,,,,
Schulz_2017_wastewater.Gp0090760,cultivation,2014-01-01,2015-12-31,10.1126/science.aal4657,industrial wastewater [ENVO:01000964],waste water [ENVO:00002001],activated sludge [ENVO:00002046],misc,Austria,2024-08-07 18:00:19.328146,48.3,Austria: Klosterneuburg,exact_location,16.2,28386012,SAMN06161111,Schulz_2017_wastewater,942017,,,,,,,,,,,,,,,,,,,,,,,,,,,,,,,,,,,,,,,,,,,,,,,,,,,,,,,,,,,,,,,,,,,,,,,,,,,,,,,,,,,,,,,,,,,,
Schulz_2017_wastewater.Gp0090763,cultivation,2014-01-01,2015-12-31,10.1126/science.aal4657,industrial wastewater [ENVO:01000964],waste water [ENVO:00002001],activated sludge [ENVO:00002046],misc,Austria,2024-08-07 18:00:19.328146,48.3,Austria: Klosterneuburg,exact_location,16.2,28386012,SAMN06161114,Schulz_2017_wastewater,942017,,,,,,,,,,,,,,,,,,,,,,,,,,,,,,,,,,,,,,,,,,,,,,,,,,,,,,,,,,,,,,,,,,,,,,,,,,,,,,,,,,,,,,,,,,,,
Schulz_2017_wastewater.Gp0090764,cultivation,2014-01-01,2015-12-31,10.1126/science.aal4657,industrial wastewater [ENVO:01000964],waste water [ENVO:00002001],activated sludge [ENVO:00002046],misc,Austria,2024-08-07 18:00:19.328146,48.3,Austria: Klosterneuburg,exact_location,16.2,28386012,SAMN06161115,Schulz_2017_wastewater,942017,,,,,,,,,,,,,,,,,,,,,,,,,,,,,,,,,,,,,,,,,,,,,,,,,,,,,,,,,,,,,,,,,,,,,,,,,,,,,,,,,,,,,,,,,,,,
Schulz_2017_wastewater.Gp0090766,cultivation,2014-01-01,2015-12-31,10.1126/science.aal4657,industrial wastewater [ENVO:01000964],waste water [ENVO:00002001],activated sludge [ENVO:00002046],misc,Austria,2024-08-07 18:00:19.328146,48.3,Austria: Klosterneuburg,exact_location,16.2,28386012,SAMN06161116,Schulz_2017_wastewater,942017,,,,,,,,,,,,,,,,,,,,,,,,,,,,,,,,,,,,,,,,,,,,,,,,,,,,,,,,,,,,,,,,,,,,,,,,,,,,,,,,,,,,,,,,,,,,
Schulz_2017_wastewater.Gp0090767,cultivation,2014-01-01,2015-12-31,10.1126/science.aal4657,industrial wastewater [ENVO:01000964],waste water [ENVO:00002001],activated sludge [ENVO:00002046],misc,Austria,2024-08-07 18:00:19.328146,48.3,Austria: Klosterneuburg,exact_location,16.2,28386012,SAMN06161117,Schulz_2017_wastewater,942017,,,,,,,,,,,,,,,,,,,,,,,,,,,,,,,,,,,,,,,,,,,,,,,,,,,,,,,,,,,,,,,,,,,,,,,,,,,,,,,,,,,,,,,,,,,,
Schulz_2017_wastewater.Gp0090768,cultivation,2014-01-01,2015-12-31,10.1126/science.aal4657,industrial wastewater [ENVO:01000964],waste water [ENVO:00002001],activated sludge [ENVO:00002046],misc,Austria,2024-08-07 18:00:19.328146,48.3,Austria: Klosterneuburg,exact_location,16.2,28386012,SAMN06161118,Schulz_2017_wastewater,942017,,,,,,,,,,,,,,,,,,,,,,,,,,,,,,,,,,,,,,,,,,,,,,,,,,,,,,,,,,,,,,,,,,,,,,,,,,,,,,,,,,,,,,,,,,,,
Schulz_2017_wastewater.Gp0090769,cultivation,2014-01-01,2015-12-31,10.1126/science.aal4657,industrial wastewater [ENVO:01000964],waste water [ENVO:00002001],activated sludge [ENVO:00002046],misc,Austria,2024-08-07 18:00:19.328146,48.3,Austria: Klosterneuburg,exact_location,16.2,28386012,SAMN06161119,Schulz_2017_wastewater,942017,,,,,,,,,,,,,,,,,,,,,,,,,,,,,,,,,,,,,,,,,,,,,,,,,,,,,,,,,,,,,,,,,,,,,,,,,,,,,,,,,,,,,,,,,,,,
Schulz_2017_wastewater.Gp0090773,cultivation,2014-01-01,2015-12-31,10.1126/science.aal4657,industrial wastewater [ENVO:01000964],waste water [ENVO:00002001],activated sludge [ENVO:00002046],misc,Austria,2024-08-07 18:00:19.328146,48.3,Austria: Klosterneuburg,exact_location,16.2,28386012,SAMN06161122,Schulz_2017_wastewater,942017,,,,,,,,,,,,,,,,,,,,,,,,,,,,,,,,,,,,,,,,,,,,,,,,,,,,,,,,,,,,,,,,,,,,,,,,,,,,,,,,,,,,,,,,,,,,
Schulz_2017_wastewater.Gp0090774,cultivation,2014-01-01,2015-12-31,10.1126/science.aal4657,industrial wastewater [ENVO:01000964],waste water [ENVO:00002001],activated sludge [ENVO:00002046],misc,Austria,2024-08-07 18:00:19.328146,48.3,Austria: Klosterneuburg,exact_location,16.2,28386012,SAMN06161123,Schulz_2017_wastewater,942017,,,,,,,,,,,,,,,,,,,,,,,,,,,,,,,,,,,,,,,,,,,,,,,,,,,,,,,,,,,,,,,,,,,,,,,,,,,,,,,,,,,,,,,,,,,,
Schulz_2017_wastewater.Gp0090775,cultivation,2014-01-01,2015-12-31,10.1126/science.aal4657,industrial wastewater [ENVO:01000964],waste water [ENVO:00002001],activated sludge [ENVO:00002046],misc,Austria,2024-08-07 18:00:19.328146,48.3,Austria: Klosterneuburg,exact_location,16.2,28386012,SAMN06161124,Schulz_2017_wastewater,942017,,,,,,,,,,,,,,,,,,,,,,,,,,,,,,,,,,,,,,,,,,,,,,,,,,,,,,,,,,,,,,,,,,,,,,,,,,,,,,,,,,,,,,,,,,,,
Schulz_2017_wastewater.Gp0090776,cultivation,2014-01-01,2015-12-31,10.1126/science.aal4657,industrial wastewater [ENVO:01000964],waste water [ENVO:00002001],activated sludge [ENVO:00002046],misc,Austria,2024-08-07 18:00:19.328146,48.3,Austria: Klosterneuburg,exact_location,16.2,28386012,SAMN06161125,Schulz_2017_wastewater,942017,,,,,,,,,,,,,,,,,,,,,,,,,,,,,,,,,,,,,,,,,,,,,,,,,,,,,,,,,,,,,,,,,,,,,,,,,,,,,,,,,,,,,,,,,,,,
Schulz_2017_wastewater.Gp0115558,,2015-01-05,,10.1126/science.aal4657,industrial wastewater [ENVO:01000964],waste water [ENVO:00002001],activated sludge [ENVO:00002046],misc,Austria,2024-08-07 18:00:19.328146,48.3,Austria: Klosterneuburg,exact_location,16.2,28386012,SAMN06343847,Schulz_2017_wastewater,942017,,,,,,,,,,,,,,,,,,,,,,,,,,,,,,,,,,,,,,,,,,,,,,,,,,,,,,,,,,,,,,,,,,,,,,,,,,,,,,,,,,,,,,,,,,,,
Schulz_2017_wastewater.Gp0115559,,2015-01-05,,10.1126/science.aal4657,industrial wastewater [ENVO:01000964],waste water [ENVO:00002001],activated sludge [ENVO:00002046],misc,Austria,2024-08-07 18:00:19.328146,48.3,Austria: Klosterneuburg,exact_location,16.2,28386012,SAMN06343848,Schulz_2017_wastewater,942017,,,,,,,,,,,,,,,,,,,,,,,,,,,,,,,,,,,,,,,,,,,,,,,,,,,,,,,,,,,,,,,,,,,,,,,,,,,,,,,,,,,,,,,,,,,,
Schulz_2017_wastewater.Gp0115561,,2015-01-19,,10.1126/science.aal4657,industrial wastewater [ENVO:01000964],waste water [ENVO:00002001],activated sludge [ENVO:00002046],misc,Austria,2024-08-07 18:00:19.328146,48.3,Austria: Klosterneuburg,exact_location,16.2,28386012,SAMN06343849,Schulz_2017_wastewater,942017,,,,,,,,,,,,,,,,,,,,,,,,,,,,,,,,,,,,,,,,,,,,,,,,,,,,,,,,,,,,,,,,,,,,,,,,,,,,,,,,,,,,,,,,,,,,
Schulz_2017_wastewater.Gp0115562,,2014-01-28,,10.1126/science.aal4657,industrial wastewater [ENVO:01000964],waste water [ENVO:00002001],activated sludge [ENVO:00002046],misc,Austria,2024-08-07 18:00:19.328146,48.3,Austria: Klosterneuburg,exact_location,16.2,28386012,SAMN06343850,Schulz_2017_wastewater,942017,,,,,,,,,,,,,,,,,,,,,,,,,,,,,,,,,,,,,,,,,,,,,,,,,,,,,,,,,,,,,,,,,,,,,,,,,,,,,,,,,,,,,,,,,,,,
Schulz_2017_wastewater.Gp0115563,,2014-01-28,,10.1126/science.aal4657,industrial wastewater [ENVO:01000964],waste water [ENVO:00002001],activated sludge [ENVO:00002046],misc,Austria,2024-08-07 18:00:19.328146,48.3,Austria: Klosterneuburg,exact_location,16.2,28386012,SAMN06343851,Schulz_2017_wastewater,942017,,,,,,,,,,,,,,,,,,,,,,,,,,,,,,,,,,,,,,,,,,,,,,,,,,,,,,,,,,,,,,,,,,,,,,,,,,,,,,,,,,,,,,,,,,,,
Schulz_2017_wastewater.Gp0115564,,2014-01-28,,10.1126/science.aal4657,industrial wastewater [ENVO:01000964],waste water [ENVO:00002001],activated sludge [ENVO:00002046],misc,Austria,2024-08-07 18:00:19.328146,48.3,Austria: Klosterneuburg,exact_location,16.2,28386012,SAMN06343852,Schulz_2017_wastewater,942017,,,,,,,,,,,,,,,,,,,,,,,,,,,,,,,,,,,,,,,,,,,,,,,,,,,,,,,,,,,,,,,,,,,,,,,,,,,,,,,,,,,,,,,,,,,,
Schulz_2017_wastewater.Gp0123763,,2015-01-05,,10.1126/science.aal4657,industrial wastewater [ENVO:01000964],waste water [ENVO:00002001],activated sludge [ENVO:00002046],misc,Austria,2024-08-07 18:00:19.328146,48.3,Austria: Klosterneuburg,exact_location,16.2,28386012,SAMN06343785,Schulz_2017_wastewater,942017,,,,,,,,,,,,,,,,,,,,,,,,,,,,,,,,,,,,,,,,,,,,,,,,,,,,,,,,,,,,,,,,,,,,,,,,,,,,,,,,,,,,,,,,,,,,
Schulz_2017_wastewater.Gp0123764,,2015-01-05,,10.1126/science.aal4657,industrial wastewater [ENVO:01000964],waste water [ENVO:00002001],activated sludge [ENVO:00002046],misc,Austria,2024-08-07 18:00:19.328146,48.3,Austria: Klosterneuburg,exact_location,16.2,28386012,SAMN06343786,Schulz_2017_wastewater,942017,,,,,,,,,,,,,,,,,,,,,,,,,,,,,,,,,,,,,,,,,,,,,,,,,,,,,,,,,,,,,,,,,,,,,,,,,,,,,,,,,,,,,,,,,,,,
Schulz_2017_wastewater.Gp0123765,,2015-01-05,,10.1126/science.aal4657,industrial wastewater [ENVO:01000964],waste water [ENVO:00002001],activated sludge [ENVO:00002046],misc,Austria,2024-08-07 18:00:19.328146,48.3,Austria: Klosterneuburg,exact_location,16.2,28386012,SAMN06343787,Schulz_2017_wastewater,942017,,,,,,,,,,,,,,,,,,,,,,,,,,,,,,,,,,,,,,,,,,,,,,,,,,,,,,,,,,,,,,,,,,,,,,,,,,,,,,,,,,,,,,,,,,,,
Schulz_2017_wastewater.Gp0123766,,2015-01-05,,10.1126/science.aal4657,industrial wastewater [ENVO:01000964],waste water [ENVO:00002001],activated sludge [ENVO:00002046],misc,Austria,2024-08-07 18:00:19.328146,48.3,Austria: Klosterneuburg,exact_location,16.2,28386012,SAMN06343788,Schulz_2017_wastewater,942017,,,,,,,,,,,,,,,,,,,,,,,,,,,,,,,,,,,,,,,,,,,,,,,,,,,,,,,,,,,,,,,,,,,,,,,,,,,,,,,,,,,,,,,,,,,,
Schulz_2017_wastewater.Gp0123767,,2015-01-05,,10.1126/science.aal4657,industrial wastewater [ENVO:01000964],waste water [ENVO:00002001],activated sludge [ENVO:00002046],misc,Austria,2024-08-07 18:00:19.328146,48.3,Austria: Klosterneuburg,exact_location,16.2,28386012,SAMN06343789,Schulz_2017_wastewater,942017,,,,,,,,,,,,,,,,,,,,,,,,,,,,,,,,,,,,,,,,,,,,,,,,,,,,,,,,,,,,,,,,,,,,,,,,,,,,,,,,,,,,,,,,,,,,
Schulz_2017_wastewater.Gp0123769,,2015-01-05,,10.1126/science.aal4657,industrial wastewater [ENVO:01000964],waste water [ENVO:00002001],activated sludge [ENVO:00002046],misc,Austria,2024-08-07 18:00:19.328146,48.3,Austria: Klosterneuburg,exact_location,16.2,28386012,SAMN06343790,Schulz_2017_wastewater,942017,,,,,,,,,,,,,,,,,,,,,,,,,,,,,,,,,,,,,,,,,,,,,,,,,,,,,,,,,,,,,,,,,,,,,,,,,,,,,,,,,,,,,,,,,,,,
Schulz_2017_wastewater.Gp0123770,,2015-01-05,,10.1126/science.aal4657,industrial wastewater [ENVO:01000964],waste water [ENVO:00002001],activated sludge [ENVO:00002046],misc,Austria,2024-08-07 18:00:19.328146,48.3,Austria: Klosterneuburg,exact_location,16.2,28386012,SAMN06343791,Schulz_2017_wastewater,942017,,,,,,,,,,,,,,,,,,,,,,,,,,,,,,,,,,,,,,,,,,,,,,,,,,,,,,,,,,,,,,,,,,,,,,,,,,,,,,,,,,,,,,,,,,,,
Schulz_2017_wastewater.Gp0123773,,2015-01-05,,10.1126/science.aal4657,industrial wastewater [ENVO:01000964],waste water [ENVO:00002001],activated sludge [ENVO:00002046],misc,Austria,2024-08-07 18:00:19.328146,48.3,Austria: Klosterneuburg,exact_location,16.2,28386012,SAMN06343793,Schulz_2017_wastewater,942017,,,,,,,,,,,,,,,,,,,,,,,,,,,,,,,,,,,,,,,,,,,,,,,,,,,,,,,,,,,,,,,,,,,,,,,,,,,,,,,,,,,,,,,,,,,,
Schulz_2017_wastewater.Gp0123774,,2015-01-05,,10.1126/science.aal4657,industrial wastewater [ENVO:01000964],waste water [ENVO:00002001],activated sludge [ENVO:00002046],misc,Austria,2024-08-07 18:00:19.328146,48.3,Austria: Klosterneuburg,exact_location,16.2,28386012,SAMN06343794,Schulz_2017_wastewater,942017,,,,,,,,,,,,,,,,,,,,,,,,,,,,,,,,,,,,,,,,,,,,,,,,,,,,,,,,,,,,,,,,,,,,,,,,,,,,,,,,,,,,,,,,,,,,
Schulz_2017_wastewater.Gp0123775,,2015-01-05,,10.1126/science.aal4657,industrial wastewater [ENVO:01000964],waste water [ENVO:00002001],activated sludge [ENVO:00002046],misc,Austria,2024-08-07 18:00:19.328146,48.3,Austria: Klosterneuburg,exact_location,16.2,28386012,SAMN06343795,Schulz_2017_wastewater,942017,,,,,,,,,,,,,,,,,,,,,,,,,,,,,,,,,,,,,,,,,,,,,,,,,,,,,,,,,,,,,,,,,,,,,,,,,,,,,,,,,,,,,,,,,,,,
Schulz_2017_wastewater.Gp0123776,,2015-01-05,,10.1126/science.aal4657,industrial wastewater [ENVO:01000964],waste water [ENVO:00002001],activated sludge [ENVO:00002046],misc,Austria,2024-08-07 18:00:19.328146,48.3,Austria: Klosterneuburg,exact_location,16.2,28386012,SAMN06343796,Schulz_2017_wastewater,942017,,,,,,,,,,,,,,,,,,,,,,,,,,,,,,,,,,,,,,,,,,,,,,,,,,,,,,,,,,,,,,,,,,,,,,,,,,,,,,,,,,,,,,,,,,,,
Schulz_2017_wastewater.Gp0123777,,2015-01-05,,10.1126/science.aal4657,industrial wastewater [ENVO:01000964],waste water [ENVO:00002001],activated sludge [ENVO:00002046],misc,Austria,2024-08-07 18:00:19.328146,48.3,Austria: Klosterneuburg,exact_location,16.2,28386012,SAMN06343797,Schulz_2017_wastewater,942017,,,,,,,,,,,,,,,,,,,,,,,,,,,,,,,,,,,,,,,,,,,,,,,,,,,,,,,,,,,,,,,,,,,,,,,,,,,,,,,,,,,,,,,,,,,,
Schulz_2017_wastewater.Gp0123779,,2015-01-05,,10.1126/science.aal4657,industrial wastewater [ENVO:01000964],waste water [ENVO:00002001],activated sludge [ENVO:00002046],misc,Austria,2024-08-07 18:00:19.328146,48.3,Austria: Klosterneuburg,exact_location,16.2,28386012,SAMN06343798,Schulz_2017_wastewater,942017,,,,,,,,,,,,,,,,,,,,,,,,,,,,,,,,,,,,,,,,,,,,,,,,,,,,,,,,,,,,,,,,,,,,,,,,,,,,,,,,,,,,,,,,,,,,
Schulz_2017_wastewater.Gp0123781,,2015-01-05,,10.1126/science.aal4657,industrial wastewater [ENVO:01000964],waste water [ENVO:00002001],activated sludge [ENVO:00002046],misc,Austria,2024-08-07 18:00:19.328146,48.3,Austria: Klosterneuburg,exact_location,16.2,28386012,SAMN06343799,Schulz_2017_wastewater,942017,,,,,,,,,,,,,,,,,,,,,,,,,,,,,,,,,,,,,,,,,,,,,,,,,,,,,,,,,,,,,,,,,,,,,,,,,,,,,,,,,,,,,,,,,,,,
Schulz_2017_wastewater.Gp0123782,,2015-01-05,,10.1126/science.aal4657,industrial wastewater [ENVO:01000964],waste water [ENVO:00002001],activated sludge [ENVO:00002046],misc,Austria,2024-08-07 18:00:19.328146,48.3,Austria: Klosterneuburg,exact_location,16.2,28386012,SAMN06343800,Schulz_2017_wastewater,942017,,,,,,,,,,,,,,,,,,,,,,,,,,,,,,,,,,,,,,,,,,,,,,,,,,,,,,,,,,,,,,,,,,,,,,,,,,,,,,,,,,,,,,,,,,,,
Schulz_2017_wastewater.Gp0123783,,2015-01-05,,10.1126/science.aal4657,industrial wastewater [ENVO:01000964],waste water [ENVO:00002001],activated sludge [ENVO:00002046],misc,Austria,2024-08-07 18:00:19.328146,48.3,"Austria:Klosterneuburg, Austria",exact_location,16.2,28386012,SAMN05720229,Schulz_2017_wastewater,942017,,,,,,,,,,,,,,,,,,,,,,,,,,,,,,,,,,,,,,,,,,,,,,,,,,,,,,,,,,,,,,,,,,,,,,,,,,,,,,,,,,,,,,,,,,,,
Schulz_2017_wastewater.Gp0123784,,2015-01-05,,10.1126/science.aal4657,industrial wastewater [ENVO:01000964],waste water [ENVO:00002001],activated sludge [ENVO:00002046],misc,Austria,2024-08-07 18:00:19.328146,48.3,Austria: Klosterneuburg,exact_location,16.2,28386012,SAMN06343801,Schulz_2017_wastewater,942017,,,,,,,,,,,,,,,,,,,,,,,,,,,,,,,,,,,,,,,,,,,,,,,,,,,,,,,,,,,,,,,,,,,,,,,,,,,,,,,,,,,,,,,,,,,,
Schulz_2017_wastewater.Gp0123786,,2015-01-05,,10.1126/science.aal4657,industrial wastewater [ENVO:01000964],waste water [ENVO:00002001],activated sludge [ENVO:00002046],misc,Austria,2024-08-07 18:00:19.328146,48.3,Austria: Klosterneuburg,exact_location,16.2,28386012,SAMN06343802,Schulz_2017_wastewater,942017,,,,,,,,,,,,,,,,,,,,,,,,,,,,,,,,,,,,,,,,,,,,,,,,,,,,,,,,,,,,,,,,,,,,,,,,,,,,,,,,,,,,,,,,,,,,
Schulz_2017_wastewater.Gp0123787,,2015-01-05,,10.1126/science.aal4657,industrial wastewater [ENVO:01000964],waste water [ENVO:00002001],activated sludge [ENVO:00002046],misc,Austria,2024-08-07 18:00:19.328146,48.3,"Austria:Klosterneuburg, Austria",exact_location,16.2,28386012,SAMN05720160,Schulz_2017_wastewater,942017,,,,,,,,,,,,,,,,,,,,,,,,,,,,,,,,,,,,,,,,,,,,,,,,,,,,,,,,,,,,,,,,,,,,,,,,,,,,,,,,,,,,,,,,,,,,
Schulz_2017_wastewater.Gp0123788,,2015-01-05,,10.1126/science.aal4657,industrial wastewater [ENVO:01000964],waste water [ENVO:00002001],activated sludge [ENVO:00002046],misc,Austria,2024-08-07 18:00:19.328146,48.3,Austria: Klosterneuburg,exact_location,16.2,28386012,SAMN06343803,Schulz_2017_wastewater,942017,,,,,,,,,,,,,,,,,,,,,,,,,,,,,,,,,,,,,,,,,,,,,,,,,,,,,,,,,,,,,,,,,,,,,,,,,,,,,,,,,,,,,,,,,,,,
Schulz_2017_wastewater.Gp0123789,,2015-01-05,,10.1126/science.aal4657,industrial wastewater [ENVO:01000964],waste water [ENVO:00002001],activated sludge [ENVO:00002046],misc,Austria,2024-08-07 18:00:19.328146,48.3,Austria: Klosterneuburg,exact_location,16.2,28386012,SAMN06343804,Schulz_2017_wastewater,942017,,,,,,,,,,,,,,,,,,,,,,,,,,,,,,,,,,,,,,,,,,,,,,,,,,,,,,,,,,,,,,,,,,,,,,,,,,,,,,,,,,,,,,,,,,,,
Schulz_2017_wastewater.Gp0123790,,2015-01-05,,10.1126/science.aal4657,industrial wastewater [ENVO:01000964],waste water [ENVO:00002001],activated sludge [ENVO:00002046],misc,Austria,2024-08-07 18:00:19.328146,48.3,Austria: Klosterneuburg,exact_location,16.2,28386012,SAMN06343805,Schulz_2017_wastewater,942017,,,,,,,,,,,,,,,,,,,,,,,,,,,,,,,,,,,,,,,,,,,,,,,,,,,,,,,,,,,,,,,,,,,,,,,,,,,,,,,,,,,,,,,,,,,,
Schulz_2017_wastewater.Gp0123791,,2015-01-05,,10.1126/science.aal4657,industrial wastewater [ENVO:01000964],waste water [ENVO:00002001],activated sludge [ENVO:00002046],misc,Austria,2024-08-07 18:00:19.328146,48.3,Austria: Klosterneuburg,exact_location,16.2,28386012,SAMN06343806,Schulz_2017_wastewater,942017,,,,,,,,,,,,,,,,,,,,,,,,,,,,,,,,,,,,,,,,,,,,,,,,,,,,,,,,,,,,,,,,,,,,,,,,,,,,,,,,,,,,,,,,,,,,
Schulz_2017_wastewater.Gp0123792,,2015-01-05,,10.1126/science.aal4657,industrial wastewater [ENVO:01000964],waste water [ENVO:00002001],activated sludge [ENVO:00002046],misc,Austria,2024-08-07 18:00:19.328146,48.3,Austria: Klosterneuburg,exact_location,16.2,28386012,SAMN06343807,Schulz_2017_wastewater,942017,,,,,,,,,,,,,,,,,,,,,,,,,,,,,,,,,,,,,,,,,,,,,,,,,,,,,,,,,,,,,,,,,,,,,,,,,,,,,,,,,,,,,,,,,,,,
Schulz_2017_wastewater.Gp0123793,,2015-01-05,,10.1126/science.aal4657,industrial wastewater [ENVO:01000964],waste water [ENVO:00002001],activated sludge [ENVO:00002046],misc,Austria,2024-08-07 18:00:19.328146,48.3,Austria: Klosterneuburg,exact_location,16.2,28386012,SAMN06343636,Schulz_2017_wastewater,942017,,,,,,,,,,,,,,,,,,,,,,,,,,,,,,,,,,,,,,,,,,,,,,,,,,,,,,,,,,,,,,,,,,,,,,,,,,,,,,,,,,,,,,,,,,,,
Schulz_2017_wastewater.Gp0123794,,2015-01-05,,10.1126/science.aal4657,industrial wastewater [ENVO:01000964],waste water [ENVO:00002001],activated sludge [ENVO:00002046],misc,Austria,2024-08-07 18:00:19.328146,48.3,Austria: Klosterneuburg,exact_location,16.2,28386012,SAMN06343637,Schulz_2017_wastewater,942017,,,,,,,,,,,,,,,,,,,,,,,,,,,,,,,,,,,,,,,,,,,,,,,,,,,,,,,,,,,,,,,,,,,,,,,,,,,,,,,,,,,,,,,,,,,,
Schulz_2017_wastewater.Gp0123796,,2015-01-05,,10.1126/science.aal4657,industrial wastewater [ENVO:01000964],waste water [ENVO:00002001],activated sludge [ENVO:00002046],misc,Austria,2024-08-07 18:00:19.328146,48.3,Austria: Klosterneuburg,exact_location,16.2,28386012,SAMN06343638,Schulz_2017_wastewater,942017,,,,,,,,,,,,,,,,,,,,,,,,,,,,,,,,,,,,,,,,,,,,,,,,,,,,,,,,,,,,,,,,,,,,,,,,,,,,,,,,,,,,,,,,,,,,
Schulz_2017_wastewater.Gp0123797,,2015-01-05,,10.1126/science.aal4657,industrial wastewater [ENVO:01000964],waste water [ENVO:00002001],activated sludge [ENVO:00002046],misc,Austria,2024-08-07 18:00:19.328146,48.3,Austria: Klosterneuburg,exact_location,16.2,28386012,SAMN06343639,Schulz_2017_wastewater,942017,,,,,,,,,,,,,,,,,,,,,,,,,,,,,,,,,,,,,,,,,,,,,,,,,,,,,,,,,,,,,,,,,,,,,,,,,,,,,,,,,,,,,,,,,,,,
Schulz_2017_wastewater.Gp0123799,,2015-01-05,,10.1126/science.aal4657,industrial wastewater [ENVO:01000964],waste water [ENVO:00002001],activated sludge [ENVO:00002046],misc,Austria,2024-08-07 18:00:19.328146,48.3,Austria: Klosterneuburg,exact_location,16.2,28386012,SAMN06343640,Schulz_2017_wastewater,942017,,,,,,,,,,,,,,,,,,,,,,,,,,,,,,,,,,,,,,,,,,,,,,,,,,,,,,,,,,,,,,,,,,,,,,,,,,,,,,,,,,,,,,,,,,,,
Schulz_2017_wastewater.Gp0123800,,2015-01-19,,10.1126/science.aal4657,industrial wastewater [ENVO:01000964],waste water [ENVO:00002001],activated sludge [ENVO:00002046],misc,Austria,2024-08-07 18:00:19.328146,48.3,Austria: Klosterneuburg,exact_location,16.2,28386012,SAMN06343641,Schulz_2017_wastewater,942017,,,,,,,,,,,,,,,,,,,,,,,,,,,,,,,,,,,,,,,,,,,,,,,,,,,,,,,,,,,,,,,,,,,,,,,,,,,,,,,,,,,,,,,,,,,,
Schulz_2017_wastewater.Gp0123801,,2015-01-19,,10.1126/science.aal4657,industrial wastewater [ENVO:01000964],waste water [ENVO:00002001],activated sludge [ENVO:00002046],misc,Austria,2024-08-07 18:00:19.328146,48.3,Austria: Klosterneuburg,exact_location,16.2,28386012,SAMN06343642,Schulz_2017_wastewater,942017,,,,,,,,,,,,,,,,,,,,,,,,,,,,,,,,,,,,,,,,,,,,,,,,,,,,,,,,,,,,,,,,,,,,,,,,,,,,,,,,,,,,,,,,,,,,
Schulz_2017_wastewater.Gp0123802,,2015-01-19,,10.1126/science.aal4657,industrial wastewater [ENVO:01000964],waste water [ENVO:00002001],activated sludge [ENVO:00002046],misc,Austria,2024-08-07 18:00:19.328146,48.3,Austria: Klosterneuburg,exact_location,16.2,28386012,SAMN06343643,Schulz_2017_wastewater,942017,,,,,,,,,,,,,,,,,,,,,,,,,,,,,,,,,,,,,,,,,,,,,,,,,,,,,,,,,,,,,,,,,,,,,,,,,,,,,,,,,,,,,,,,,,,,
Schulz_2017_wastewater.Gp0123803,,2015-01-19,,10.1126/science.aal4657,industrial wastewater [ENVO:01000964],waste water [ENVO:00002001],activated sludge [ENVO:00002046],misc,Austria,2024-08-07 18:00:19.328146,48.3,Austria: Klosterneuburg,exact_location,16.2,28386012,SAMN06343644,Schulz_2017_wastewater,942017,,,,,,,,,,,,,,,,,,,,,,,,,,,,,,,,,,,,,,,,,,,,,,,,,,,,,,,,,,,,,,,,,,,,,,,,,,,,,,,,,,,,,,,,,,,,
Schulz_2017_wastewater.Gp0123805,,2015-01-19,,10.1126/science.aal4657,industrial wastewater [ENVO:01000964],waste water [ENVO:00002001],activated sludge [ENVO:00002046],misc,Austria,2024-08-07 18:00:19.328146,48.3,Austria: Klosterneuburg,exact_location,16.2,28386012,SAMN06343645,Schulz_2017_wastewater,942017,,,,,,,,,,,,,,,,,,,,,,,,,,,,,,,,,,,,,,,,,,,,,,,,,,,,,,,,,,,,,,,,,,,,,,,,,,,,,,,,,,,,,,,,,,,,
Schulz_2017_wastewater.Gp0123806,,2015-01-19,,10.1126/science.aal4657,industrial wastewater [ENVO:01000964],waste water [ENVO:00002001],activated sludge [ENVO:00002046],misc,Austria,2024-08-07 18:00:19.328146,48.3,Austria: Klosterneuburg,exact_location,16.2,28386012,SAMN06343646,Schulz_2017_wastewater,942017,,,,,,,,,,,,,,,,,,,,,,,,,,,,,,,,,,,,,,,,,,,,,,,,,,,,,,,,,,,,,,,,,,,,,,,,,,,,,,,,,,,,,,,,,,,,
Schulz_2017_wastewater.Gp0123807,,2015-01-19,,10.1126/science.aal4657,industrial wastewater [ENVO:01000964],waste water [ENVO:00002001],activated sludge [ENVO:00002046],misc,Austria,2024-08-07 18:00:19.328146,48.3,Austria: Klosterneuburg,exact_location,16.2,28386012,SAMN06343647,Schulz_2017_wastewater,942017,,,,,,,,,,,,,,,,,,,,,,,,,,,,,,,,,,,,,,,,,,,,,,,,,,,,,,,,,,,,,,,,,,,,,,,,,,,,,,,,,,,,,,,,,,,,
Schulz_2017_wastewater.Gp0123810,,2015-01-19,,10.1126/science.aal4657,industrial wastewater [ENVO:01000964],waste water [ENVO:00002001],activated sludge [ENVO:00002046],misc,Austria,2024-08-07 18:00:19.328146,48.3,Austria: Klosterneuburg,exact_location,16.2,28386012,SAMN06343648,Schulz_2017_wastewater,942017,,,,,,,,,,,,,,,,,,,,,,,,,,,,,,,,,,,,,,,,,,,,,,,,,,,,,,,,,,,,,,,,,,,,,,,,,,,,,,,,,,,,,,,,,,,,
Schulz_2017_wastewater.Gp0123811,,2015-01-19,,10.1126/science.aal4657,industrial wastewater [ENVO:01000964],waste water [ENVO:00002001],activated sludge [ENVO:00002046],misc,Austria,2024-08-07 18:00:19.328146,48.3,Austria: Klosterneuburg,exact_location,16.2,28386012,SAMN06343649,Schulz_2017_wastewater,942017,,,,,,,,,,,,,,,,,,,,,,,,,,,,,,,,,,,,,,,,,,,,,,,,,,,,,,,,,,,,,,,,,,,,,,,,,,,,,,,,,,,,,,,,,,,,
Schulz_2017_wastewater.Gp0123812,,2015-01-19,,10.1126/science.aal4657,industrial wastewater [ENVO:01000964],waste water [ENVO:00002001],activated sludge [ENVO:00002046],misc,Austria,2024-08-07 18:00:19.328146,48.3,Austria: Klosterneuburg,exact_location,16.2,28386012,SAMN07631050,Schulz_2017_wastewater,942017,,,,,,,,,,,,,,,,,,,,,,,,,,,,,,,,,,,,,,,,,,,,,,,,,,,,,,,,,,,,,,,,,,,,,,,,,,,,,,,,,,,,,,,,,,,,
Schulz_2017_wastewater.Gp0123813,,2015-01-19,,10.1126/science.aal4657,industrial wastewater [ENVO:01000964],waste water [ENVO:00002001],activated sludge [ENVO:00002046],misc,Austria,2024-08-07 18:00:19.328146,48.3,"Austria:Klosterneuburg, Austria",exact_location,16.2,28386012,SAMN05720226,Schulz_2017_wastewater,942017,,,,,,,,,,,,,,,,,,,,,,,,,,,,,,,,,,,,,,,,,,,,,,,,,,,,,,,,,,,,,,,,,,,,,,,,,,,,,,,,,,,,,,,,,,,,
Schulz_2017_wastewater.Gp0123814,,2015-01-19,,10.1126/science.aal4657,industrial wastewater [ENVO:01000964],waste water [ENVO:00002001],activated sludge [ENVO:00002046],misc,Austria,2024-08-07 18:00:19.328146,48.3,Austria: Klosterneuburg,exact_location,16.2,28386012,SAMN06343650,Schulz_2017_wastewater,942017,,,,,,,,,,,,,,,,,,,,,,,,,,,,,,,,,,,,,,,,,,,,,,,,,,,,,,,,,,,,,,,,,,,,,,,,,,,,,,,,,,,,,,,,,,,,
Schulz_2017_wastewater.Gp0123818,,2015-01-19,,10.1126/science.aal4657,industrial wastewater [ENVO:01000964],waste water [ENVO:00002001],activated sludge [ENVO:00002046],misc,Austria,2024-08-07 18:00:19.328146,48.3,Austria: Klosterneuburg,exact_location,16.2,28386012,SAMN06343651,Schulz_2017_wastewater,942017,,,,,,,,,,,,,,,,,,,,,,,,,,,,,,,,,,,,,,,,,,,,,,,,,,,,,,,,,,,,,,,,,,,,,,,,,,,,,,,,,,,,,,,,,,,,
Schulz_2017_wastewater.Gp0123819,,2015-01-19,,10.1126/science.aal4657,industrial wastewater [ENVO:01000964],waste water [ENVO:00002001],activated sludge [ENVO:00002046],misc,Austria,2024-08-07 18:00:19.328146,48.3,Austria: Klosterneuburg,exact_location,16.2,28386012,SAMN06343652,Schulz_2017_wastewater,942017,,,,,,,,,,,,,,,,,,,,,,,,,,,,,,,,,,,,,,,,,,,,,,,,,,,,,,,,,,,,,,,,,,,,,,,,,,,,,,,,,,,,,,,,,,,,
Schulz_2017_wastewater.Gp0123823,,2015-01-19,,10.1126/science.aal4657,industrial wastewater [ENVO:01000964],waste water [ENVO:00002001],activated sludge [ENVO:00002046],misc,Austria,2024-08-07 18:00:19.328146,48.3,Austria: Klosterneuburg,exact_location,16.2,28386012,SAMN06343655,Schulz_2017_wastewater,942017,,,,,,,,,,,,,,,,,,,,,,,,,,,,,,,,,,,,,,,,,,,,,,,,,,,,,,,,,,,,,,,,,,,,,,,,,,,,,,,,,,,,,,,,,,,,
Schulz_2017_wastewater.Gp0123825,,2015-01-19,,10.1126/science.aal4657,industrial wastewater [ENVO:01000964],waste water [ENVO:00002001],activated sludge [ENVO:00002046],misc,Austria,2024-08-07 18:00:19.328146,48.3,Austria: Klosterneuburg,exact_location,16.2,28386012,SAMN06343656,Schulz_2017_wastewater,942017,,,,,,,,,,,,,,,,,,,,,,,,,,,,,,,,,,,,,,,,,,,,,,,,,,,,,,,,,,,,,,,,,,,,,,,,,,,,,,,,,,,,,,,,,,,,
Schulz_2017_wastewater.Gp0123826,,2015-01-19,,10.1126/science.aal4657,industrial wastewater [ENVO:01000964],waste water [ENVO:00002001],activated sludge [ENVO:00002046],misc,Austria,2024-08-07 18:00:19.328146,48.3,Austria: Klosterneuburg,exact_location,16.2,28386012,SAMN06343657,Schulz_2017_wastewater,942017,,,,,,,,,,,,,,,,,,,,,,,,,,,,,,,,,,,,,,,,,,,,,,,,,,,,,,,,,,,,,,,,,,,,,,,,,,,,,,,,,,,,,,,,,,,,
Schulz_2017_wastewater.Gp0123827,,2015-01-19,,10.1126/science.aal4657,industrial wastewater [ENVO:01000964],waste water [ENVO:00002001],activated sludge [ENVO:00002046],misc,Austria,2024-08-07 18:00:19.328146,48.3,Austria: Klosterneuburg,exact_location,16.2,28386012,SAMN06343658,Schulz_2017_wastewater,942017,,,,,,,,,,,,,,,,,,,,,,,,,,,,,,,,,,,,,,,,,,,,,,,,,,,,,,,,,,,,,,,,,,,,,,,,,,,,,,,,,,,,,,,,,,,,
Schulz_2017_wastewater.Gp0123828,,2015-01-19,,10.1126/science.aal4657,industrial wastewater [ENVO:01000964],waste water [ENVO:00002001],activated sludge [ENVO:00002046],misc,Austria,2024-08-07 18:00:19.328146,48.3,Austria: Klosterneuburg,exact_location,16.2,28386012,SAMN06343659,Schulz_2017_wastewater,942017,,,,,,,,,,,,,,,,,,,,,,,,,,,,,,,,,,,,,,,,,,,,,,,,,,,,,,,,,,,,,,,,,,,,,,,,,,,,,,,,,,,,,,,,,,,,
Schulz_2017_wastewater.Gp0123829,,2015-01-19,,10.1126/science.aal4657,industrial wastewater [ENVO:01000964],waste water [ENVO:00002001],activated sludge [ENVO:00002046],misc,Austria,2024-08-07 18:00:19.328146,48.3,Austria: Klosterneuburg,exact_location,16.2,28386012,SAMN06343660,Schulz_2017_wastewater,942017,,,,,,,,,,,,,,,,,,,,,,,,,,,,,,,,,,,,,,,,,,,,,,,,,,,,,,,,,,,,,,,,,,,,,,,,,,,,,,,,,,,,,,,,,,,,
Schulz_2017_wastewater.Gp0123830,,2015-01-19,,10.1126/science.aal4657,industrial wastewater [ENVO:01000964],waste water [ENVO:00002001],activated sludge [ENVO:00002046],misc,Austria,2024-08-07 18:00:19.328146,48.3,Austria: Klosterneuburg,exact_location,16.2,28386012,SAMN06343661,Schulz_2017_wastewater,942017,,,,,,,,,,,,,,,,,,,,,,,,,,,,,,,,,,,,,,,,,,,,,,,,,,,,,,,,,,,,,,,,,,,,,,,,,,,,,,,,,,,,,,,,,,,,
Schulz_2017_wastewater.Gp0123831,,2015-01-19,,10.1126/science.aal4657,industrial wastewater [ENVO:01000964],waste water [ENVO:00002001],activated sludge [ENVO:00002046],misc,Austria,2024-08-07 18:00:19.328146,48.3,Austria: Klosterneuburg,exact_location,16.2,28386012,SAMN06343662,Schulz_2017_wastewater,942017,,,,,,,,,,,,,,,,,,,,,,,,,,,,,,,,,,,,,,,,,,,,,,,,,,,,,,,,,,,,,,,,,,,,,,,,,,,,,,,,,,,,,,,,,,,,
Schulz_2017_wastewater.Gp0123834,,2015-01-19,,10.1126/science.aal4657,industrial wastewater [ENVO:01000964],waste water [ENVO:00002001],activated sludge [ENVO:00002046],misc,Austria,2024-08-07 18:00:19.328146,48.3,Austria: Klosterneuburg,exact_location,16.2,28386012,SAMN06343664,Schulz_2017_wastewater,942017,,,,,,,,,,,,,,,,,,,,,,,,,,,,,,,,,,,,,,,,,,,,,,,,,,,,,,,,,,,,,,,,,,,,,,,,,,,,,,,,,,,,,,,,,,,,
Schulz_2017_wastewater.Gp0123837,,2015-01-19,,10.1126/science.aal4657,industrial wastewater [ENVO:01000964],waste water [ENVO:00002001],activated sludge [ENVO:00002046],misc,Austria,2024-08-07 18:00:19.328146,48.3,"Austria:Klosterneuburg, Austria",exact_location,16.2,28386012,SAMN05720161,Schulz_2017_wastewater,942017,,,,,,,,,,,,,,,,,,,,,,,,,,,,,,,,,,,,,,,,,,,,,,,,,,,,,,,,,,,,,,,,,,,,,,,,,,,,,,,,,,,,,,,,,,,,
Schulz_2017_wastewater.Gp0123838,,2015-01-19,,10.1126/science.aal4657,industrial wastewater [ENVO:01000964],waste water [ENVO:00002001],activated sludge [ENVO:00002046],misc,Austria,2024-08-07 18:00:19.328146,48.3,"Austria:Klosterneuburg, Austria",exact_location,16.2,28386012,SAMN05720232,Schulz_2017_wastewater,942017,,,,,,,,,,,,,,,,,,,,,,,,,,,,,,,,,,,,,,,,,,,,,,,,,,,,,,,,,,,,,,,,,,,,,,,,,,,,,,,,,,,,,,,,,,,,
Schulz_2017_wastewater.Gp0123839,,2015-01-19,,10.1126/science.aal4657,industrial wastewater [ENVO:01000964],waste water [ENVO:00002001],activated sludge [ENVO:00002046],misc,Austria,2024-08-07 18:00:19.328146,48.3,"Austria:Klosterneuburg, Austria",exact_location,16.2,28386012,SAMN05720234,Schulz_2017_wastewater,942017,,,,,,,,,,,,,,,,,,,,,,,,,,,,,,,,,,,,,,,,,,,,,,,,,,,,,,,,,,,,,,,,,,,,,,,,,,,,,,,,,,,,,,,,,,,,
Schulz_2017_wastewater.Gp0123841,,2015-01-19,,10.1126/science.aal4657,industrial wastewater [ENVO:01000964],waste water [ENVO:00002001],activated sludge [ENVO:00002046],misc,Austria,2024-08-07 18:00:19.328146,48.3,Austria: Klosterneuburg,exact_location,16.2,28386012,SAMN06343665,Schulz_2017_wastewater,942017,,,,,,,,,,,,,,,,,,,,,,,,,,,,,,,,,,,,,,,,,,,,,,,,,,,,,,,,,,,,,,,,,,,,,,,,,,,,,,,,,,,,,,,,,,,,
Schulz_2017_wastewater.Gp0123842,,2015-01-19,,10.1126/science.aal4657,industrial wastewater [ENVO:01000964],waste water [ENVO:00002001],activated sludge [ENVO:00002046],misc,Austria,2024-08-07 18:00:19.328146,48.3,"Austria:Klosterneuburg, Austria",exact_location,16.2,28386012,SAMN05720279,Schulz_2017_wastewater,942017,,,,,,,,,,,,,,,,,,,,,,,,,,,,,,,,,,,,,,,,,,,,,,,,,,,,,,,,,,,,,,,,,,,,,,,,,,,,,,,,,,,,,,,,,,,,
Schulz_2017_wastewater.Gp0123843,,2015-01-19,,10.1126/science.aal4657,industrial wastewater [ENVO:01000964],waste water [ENVO:00002001],activated sludge [ENVO:00002046],misc,Austria,2024-08-07 18:00:19.328146,48.3,Austria: Klosterneuburg,exact_location,16.2,28386012,SAMN06343666,Schulz_2017_wastewater,942017,,,,,,,,,,,,,,,,,,,,,,,,,,,,,,,,,,,,,,,,,,,,,,,,,,,,,,,,,,,,,,,,,,,,,,,,,,,,,,,,,,,,,,,,,,,,
Schulz_2017_wastewater.Gp0123846,,2015-01-19,,10.1126/science.aal4657,industrial wastewater [ENVO:01000964],waste water [ENVO:00002001],activated sludge [ENVO:00002046],misc,Austria,2024-08-07 18:00:19.328146,48.3,Austria: Klosterneuburg,exact_location,16.2,28386012,SAMN06343667,Schulz_2017_wastewater,942017,,,,,,,,,,,,,,,,,,,,,,,,,,,,,,,,,,,,,,,,,,,,,,,,,,,,,,,,,,,,,,,,,,,,,,,,,,,,,,,,,,,,,,,,,,,,
Schulz_2017_wastewater.Gp0123847,,2015-01-19,,10.1126/science.aal4657,industrial wastewater [ENVO:01000964],waste water [ENVO:00002001],activated sludge [ENVO:00002046],misc,Austria,2024-08-07 18:00:19.328146,48.3,Austria: Klosterneuburg,exact_location,16.2,28386012,SAMN06343668,Schulz_2017_wastewater,942017,,,,,,,,,,,,,,,,,,,,,,,,,,,,,,,,,,,,,,,,,,,,,,,,,,,,,,,,,,,,,,,,,,,,,,,,,,,,,,,,,,,,,,,,,,,,
Schulz_2017_wastewater.Gp0123848,,2015-01-19,,10.1126/science.aal4657,industrial wastewater [ENVO:01000964],waste water [ENVO:00002001],activated sludge [ENVO:00002046],misc,Austria,2024-08-07 18:00:19.328146,48.3,Austria: Klosterneuburg,exact_location,16.2,28386012,SAMN06343669,Schulz_2017_wastewater,942017,,,,,,,,,,,,,,,,,,,,,,,,,,,,,,,,,,,,,,,,,,,,,,,,,,,,,,,,,,,,,,,,,,,,,,,,,,,,,,,,,,,,,,,,,,,,
Schulz_2017_wastewater.Gp0123850,,2015-01-19,,10.1126/science.aal4657,industrial wastewater [ENVO:01000964],waste water [ENVO:00002001],activated sludge [ENVO:00002046],misc,Austria,2024-08-07 18:00:19.328146,48.3,Austria: Klosterneuburg,exact_location,16.2,28386012,SAMN06343671,Schulz_2017_wastewater,942017,,,,,,,,,,,,,,,,,,,,,,,,,,,,,,,,,,,,,,,,,,,,,,,,,,,,,,,,,,,,,,,,,,,,,,,,,,,,,,,,,,,,,,,,,,,,
Schulz_2017_wastewater.Gp0123851,,2015-01-19,,10.1126/science.aal4657,industrial wastewater [ENVO:01000964],waste water [ENVO:00002001],activated sludge [ENVO:00002046],misc,Austria,2024-08-07 18:00:19.328146,48.3,Austria: Klosterneuburg,exact_location,16.2,28386012,SAMN06343672,Schulz_2017_wastewater,942017,,,,,,,,,,,,,,,,,,,,,,,,,,,,,,,,,,,,,,,,,,,,,,,,,,,,,,,,,,,,,,,,,,,,,,,,,,,,,,,,,,,,,,,,,,,,
Schulz_2017_wastewater.Gp0123854,,2015-01-19,,10.1126/science.aal4657,industrial wastewater [ENVO:01000964],waste water [ENVO:00002001],activated sludge [ENVO:00002046],misc,Austria,2024-08-07 18:00:19.328146,48.3,Austria: Klosterneuburg,exact_location,16.2,28386012,SAMN06343673,Schulz_2017_wastewater,942017,,,,,,,,,,,,,,,,,,,,,,,,,,,,,,,,,,,,,,,,,,,,,,,,,,,,,,,,,,,,,,,,,,,,,,,,,,,,,,,,,,,,,,,,,,,,
Schulz_2017_wastewater.Gp0123855,,2015-01-19,,10.1126/science.aal4657,industrial wastewater [ENVO:01000964],waste water [ENVO:00002001],activated sludge [ENVO:00002046],misc,Austria,2024-08-07 18:00:19.328146,48.3,"Austria:Klosterneuburg, Austria",exact_location,16.2,28386012,SAMN05720230,Schulz_2017_wastewater,942017,,,,,,,,,,,,,,,,,,,,,,,,,,,,,,,,,,,,,,,,,,,,,,,,,,,,,,,,,,,,,,,,,,,,,,,,,,,,,,,,,,,,,,,,,,,,
Schulz_2017_wastewater.Gp0123856,,2015-01-19,,10.1126/science.aal4657,industrial wastewater [ENVO:01000964],waste water [ENVO:00002001],activated sludge [ENVO:00002046],misc,Austria,2024-08-07 18:00:19.328146,48.3,Austria: Klosterneuburg,exact_location,16.2,28386012,SAMN06343674,Schulz_2017_wastewater,942017,,,,,,,,,,,,,,,,,,,,,,,,,,,,,,,,,,,,,,,,,,,,,,,,,,,,,,,,,,,,,,,,,,,,,,,,,,,,,,,,,,,,,,,,,,,,
Schulz_2017_wastewater.Gp0123858,,2015-01-19,,10.1126/science.aal4657,industrial wastewater [ENVO:01000964],waste water [ENVO:00002001],activated sludge [ENVO:00002046],misc,Austria,2024-08-07 18:00:19.328146,48.3,Austria: Klosterneuburg,exact_location,16.2,28386012,SAMN06343676,Schulz_2017_wastewater,942017,,,,,,,,,,,,,,,,,,,,,,,,,,,,,,,,,,,,,,,,,,,,,,,,,,,,,,,,,,,,,,,,,,,,,,,,,,,,,,,,,,,,,,,,,,,,
Schulz_2017_wastewater.Gp0123859,,2015-01-19,,10.1126/science.aal4657,industrial wastewater [ENVO:01000964],waste water [ENVO:00002001],activated sludge [ENVO:00002046],misc,Austria,2024-08-07 18:00:19.328146,48.3,"Austria:Klosterneuburg, Austria",exact_location,16.2,28386012,SAMN05720152,Schulz_2017_wastewater,942017,,,,,,,,,,,,,,,,,,,,,,,,,,,,,,,,,,,,,,,,,,,,,,,,,,,,,,,,,,,,,,,,,,,,,,,,,,,,,,,,,,,,,,,,,,,,
Schulz_2017_wastewater.Gp0123861,,2015-01-19,,10.1126/science.aal4657,industrial wastewater [ENVO:01000964],waste water [ENVO:00002001],activated sludge [ENVO:00002046],misc,Austria,2024-08-07 18:00:19.328146,48.3,"Austria:Klosterneuburg, Austria",exact_location,16.2,28386012,SAMN05720162,Schulz_2017_wastewater,942017,,,,,,,,,,,,,,,,,,,,,,,,,,,,,,,,,,,,,,,,,,,,,,,,,,,,,,,,,,,,,,,,,,,,,,,,,,,,,,,,,,,,,,,,,,,,
Schulz_2017_wastewater.Gp0123862,,2015-01-19,,10.1126/science.aal4657,industrial wastewater [ENVO:01000964],waste water [ENVO:00002001],activated sludge [ENVO:00002046],misc,Austria,2024-08-07 18:00:19.328146,48.3,Austria: Klosterneuburg,exact_location,16.2,28386012,SAMN06343678,Schulz_2017_wastewater,942017,,,,,,,,,,,,,,,,,,,,,,,,,,,,,,,,,,,,,,,,,,,,,,,,,,,,,,,,,,,,,,,,,,,,,,,,,,,,,,,,,,,,,,,,,,,,
Schulz_2017_wastewater.Gp0123863,,2015-01-19,,10.1126/science.aal4657,industrial wastewater [ENVO:01000964],waste water [ENVO:00002001],activated sludge [ENVO:00002046],misc,Austria,2024-08-07 18:00:19.328146,48.3,Austria: Klosterneuburg,exact_location,16.2,28386012,SAMN06343679,Schulz_2017_wastewater,942017,,,,,,,,,,,,,,,,,,,,,,,,,,,,,,,,,,,,,,,,,,,,,,,,,,,,,,,,,,,,,,,,,,,,,,,,,,,,,,,,,,,,,,,,,,,,
Schulz_2017_wastewater.Gp0123864,,2015-01-19,,10.1126/science.aal4657,industrial wastewater [ENVO:01000964],waste water [ENVO:00002001],activated sludge [ENVO:00002046],misc,Austria,2024-08-07 18:00:19.328146,48.3,Austria: Klosterneuburg,exact_location,16.2,28386012,SAMN06343680,Schulz_2017_wastewater,942017,,,,,,,,,,,,,,,,,,,,,,,,,,,,,,,,,,,,,,,,,,,,,,,,,,,,,,,,,,,,,,,,,,,,,,,,,,,,,,,,,,,,,,,,,,,,
Schulz_2017_wastewater.Gp0124078,,2015-01-05,,10.1126/science.aal4657,industrial wastewater [ENVO:01000964],waste water [ENVO:00002001],activated sludge [ENVO:00002046],misc,Austria,2024-08-07 18:00:19.328146,48.3,Austria: Klosterneuburg,exact_location,16.2,28386012,SAMN06343693,Schulz_2017_wastewater,942017,,,,,,,,,,,,,,,,,,,,,,,,,,,,,,,,,,,,,,,,,,,,,,,,,,,,,,,,,,,,,,,,,,,,,,,,,,,,,,,,,,,,,,,,,,,,
Schulz_2017_wastewater.Gp0124079,,2015-01-05,,10.1126/science.aal4657,industrial wastewater [ENVO:01000964],waste water [ENVO:00002001],activated sludge [ENVO:00002046],misc,Austria,2024-08-07 18:00:19.328146,48.3,Austria: Klosterneuburg,exact_location,16.2,28386012,SAMN06343694,Schulz_2017_wastewater,942017,,,,,,,,,,,,,,,,,,,,,,,,,,,,,,,,,,,,,,,,,,,,,,,,,,,,,,,,,,,,,,,,,,,,,,,,,,,,,,,,,,,,,,,,,,,,
Schulz_2017_wastewater.Gp0124081,,2015-01-05,,10.1126/science.aal4657,industrial wastewater [ENVO:01000964],waste water [ENVO:00002001],activated sludge [ENVO:00002046],misc,Austria,2024-08-07 18:00:19.328146,48.3,Austria: Klosterneuburg,exact_location,16.2,28386012,SAMN06343695,Schulz_2017_wastewater,942017,,,,,,,,,,,,,,,,,,,,,,,,,,,,,,,,,,,,,,,,,,,,,,,,,,,,,,,,,,,,,,,,,,,,,,,,,,,,,,,,,,,,,,,,,,,,
Schulz_2017_wastewater.Gp0124083,,2015-01-05,,10.1126/science.aal4657,industrial wastewater [ENVO:01000964],waste water [ENVO:00002001],activated sludge [ENVO:00002046],misc,Austria,2024-08-07 18:00:19.328146,48.3,Austria: Klosterneuburg,exact_location,16.2,28386012,SAMN06343696,Schulz_2017_wastewater,942017,,,,,,,,,,,,,,,,,,,,,,,,,,,,,,,,,,,,,,,,,,,,,,,,,,,,,,,,,,,,,,,,,,,,,,,,,,,,,,,,,,,,,,,,,,,,
Schulz_2017_wastewater.Gp0124084,,2015-01-05,,10.1126/science.aal4657,industrial wastewater [ENVO:01000964],waste water [ENVO:00002001],activated sludge [ENVO:00002046],misc,Austria,2024-08-07 18:00:19.328146,48.3,Austria: Klosterneuburg,exact_location,16.2,28386012,SAMN06343697,Schulz_2017_wastewater,942017,,,,,,,,,,,,,,,,,,,,,,,,,,,,,,,,,,,,,,,,,,,,,,,,,,,,,,,,,,,,,,,,,,,,,,,,,,,,,,,,,,,,,,,,,,,,
Schulz_2017_wastewater.Gp0124086,,2015-01-05,,10.1126/science.aal4657,industrial wastewater [ENVO:01000964],waste water [ENVO:00002001],activated sludge [ENVO:00002046],misc,Austria,2024-08-07 18:00:19.328146,48.3,Austria: Klosterneuburg,exact_location,16.2,28386012,SAMN06343698,Schulz_2017_wastewater,942017,,,,,,,,,,,,,,,,,,,,,,,,,,,,,,,,,,,,,,,,,,,,,,,,,,,,,,,,,,,,,,,,,,,,,,,,,,,,,,,,,,,,,,,,,,,,
Schulz_2017_wastewater.Gp0124088,,2015-01-19,,10.1126/science.aal4657,industrial wastewater [ENVO:01000964],waste water [ENVO:00002001],activated sludge [ENVO:00002046],misc,Austria,2024-08-07 18:00:19.328146,48.3,Austria: Klosterneuburg,exact_location,16.2,28386012,SAMN06343699,Schulz_2017_wastewater,942017,,,,,,,,,,,,,,,,,,,,,,,,,,,,,,,,,,,,,,,,,,,,,,,,,,,,,,,,,,,,,,,,,,,,,,,,,,,,,,,,,,,,,,,,,,,,
Schulz_2017_wastewater.Gp0124089,,2015-01-19,,10.1126/science.aal4657,industrial wastewater [ENVO:01000964],waste water [ENVO:00002001],activated sludge [ENVO:00002046],misc,Austria,2024-08-07 18:00:19.328146,48.3,Austria: Klosterneuburg,exact_location,16.2,28386012,SAMN06343700,Schulz_2017_wastewater,942017,,,,,,,,,,,,,,,,,,,,,,,,,,,,,,,,,,,,,,,,,,,,,,,,,,,,,,,,,,,,,,,,,,,,,,,,,,,,,,,,,,,,,,,,,,,,
Schulz_2017_wastewater.Gp0124090,,2015-01-19,,10.1126/science.aal4657,industrial wastewater [ENVO:01000964],waste water [ENVO:00002001],activated sludge [ENVO:00002046],misc,Austria,2024-08-07 18:00:19.328146,48.3,Austria: Klosterneuburg,exact_location,16.2,28386012,SAMN06343701,Schulz_2017_wastewater,942017,,,,,,,,,,,,,,,,,,,,,,,,,,,,,,,,,,,,,,,,,,,,,,,,,,,,,,,,,,,,,,,,,,,,,,,,,,,,,,,,,,,,,,,,,,,,
Schulz_2017_wastewater.Gp0124092,,2015-01-19,,10.1126/science.aal4657,industrial wastewater [ENVO:01000964],waste water [ENVO:00002001],activated sludge [ENVO:00002046],misc,Austria,2024-08-07 18:00:19.328146,48.3,Austria: Klosterneuburg,exact_location,16.2,28386012,SAMN06343702,Schulz_2017_wastewater,942017,,,,,,,,,,,,,,,,,,,,,,,,,,,,,,,,,,,,,,,,,,,,,,,,,,,,,,,,,,,,,,,,,,,,,,,,,,,,,,,,,,,,,,,,,,,,
Schulz_2017_wastewater.Gp0124093,,2015-01-19,,10.1126/science.aal4657,industrial wastewater [ENVO:01000964],waste water [ENVO:00002001],activated sludge [ENVO:00002046],misc,Austria,2024-08-07 18:00:19.328146,48.3,Austria: Klosterneuburg,exact_location,16.2,28386012,SAMN06343703,Schulz_2017_wastewater,942017,,,,,,,,,,,,,,,,,,,,,,,,,,,,,,,,,,,,,,,,,,,,,,,,,,,,,,,,,,,,,,,,,,,,,,,,,,,,,,,,,,,,,,,,,,,,
Schulz_2017_wastewater.Gp0124094,,2015-01-19,,10.1126/science.aal4657,industrial wastewater [ENVO:01000964],waste water [ENVO:00002001],activated sludge [ENVO:00002046],misc,Austria,2024-08-07 18:00:19.328146,48.3,Austria: Klosterneuburg,exact_location,16.2,28386012,SAMN06343704,Schulz_2017_wastewater,942017,,,,,,,,,,,,,,,,,,,,,,,,,,,,,,,,,,,,,,,,,,,,,,,,,,,,,,,,,,,,,,,,,,,,,,,,,,,,,,,,,,,,,,,,,,,,
Schulz_2017_wastewater.Gp0124096,,2015-01-19,,10.1126/science.aal4657,industrial wastewater [ENVO:01000964],waste water [ENVO:00002001],activated sludge [ENVO:00002046],misc,Austria,2024-08-07 18:00:19.328146,48.3,Austria: Klosterneuburg,exact_location,16.2,28386012,SAMN06343706,Schulz_2017_wastewater,942017,,,,,,,,,,,,,,,,,,,,,,,,,,,,,,,,,,,,,,,,,,,,,,,,,,,,,,,,,,,,,,,,,,,,,,,,,,,,,,,,,,,,,,,,,,,,
Schulz_2017_wastewater.Gp0124098,,2015-01-19,,10.1126/science.aal4657,industrial wastewater [ENVO:01000964],waste water [ENVO:00002001],activated sludge [ENVO:00002046],misc,Austria,2024-08-07 18:00:19.328146,48.3,Austria: Klosterneuburg,exact_location,16.2,28386012,SAMN06343707,Schulz_2017_wastewater,942017,,,,,,,,,,,,,,,,,,,,,,,,,,,,,,,,,,,,,,,,,,,,,,,,,,,,,,,,,,,,,,,,,,,,,,,,,,,,,,,,,,,,,,,,,,,,
Schulz_2017_wastewater.Gp0124100,,2015-01-05,,10.1126/science.aal4657,industrial wastewater [ENVO:01000964],waste water [ENVO:00002001],activated sludge [ENVO:00002046],misc,Austria,2024-08-07 18:00:19.328146,48.3,Austria: Klosterneuburg,exact_location,16.2,28386012,SAMN06343708,Schulz_2017_wastewater,942017,,,,,,,,,,,,,,,,,,,,,,,,,,,,,,,,,,,,,,,,,,,,,,,,,,,,,,,,,,,,,,,,,,,,,,,,,,,,,,,,,,,,,,,,,,,,
Schulz_2017_wastewater.Gp0124102,,2015-01-05,,10.1126/science.aal4657,industrial wastewater [ENVO:01000964],waste water [ENVO:00002001],activated sludge [ENVO:00002046],misc,Austria,2024-08-07 18:00:19.328146,48.3,Austria: Klosterneuburg,exact_location,16.2,28386012,SAMN06343709,Schulz_2017_wastewater,942017,,,,,,,,,,,,,,,,,,,,,,,,,,,,,,,,,,,,,,,,,,,,,,,,,,,,,,,,,,,,,,,,,,,,,,,,,,,,,,,,,,,,,,,,,,,,
Schulz_2017_wastewater.Gp0124103,,2015-01-19,,10.1126/science.aal4657,industrial wastewater [ENVO:01000964],waste water [ENVO:00002001],activated sludge [ENVO:00002046],misc,Austria,2024-08-07 18:00:19.328146,48.3,Austria: Klosterneuburg,exact_location,16.2,28386012,SAMN06343710,Schulz_2017_wastewater,942017,,,,,,,,,,,,,,,,,,,,,,,,,,,,,,,,,,,,,,,,,,,,,,,,,,,,,,,,,,,,,,,,,,,,,,,,,,,,,,,,,,,,,,,,,,,,
Schulz_2017_wastewater.Gp0124107,,2015-01-19,,10.1126/science.aal4657,industrial wastewater [ENVO:01000964],waste water [ENVO:00002001],activated sludge [ENVO:00002046],misc,Austria,2024-08-07 18:00:19.328146,48.3,Austria: Klosterneuburg,exact_location,16.2,28386012,SAMN06343711,Schulz_2017_wastewater,942017,,,,,,,,,,,,,,,,,,,,,,,,,,,,,,,,,,,,,,,,,,,,,,,,,,,,,,,,,,,,,,,,,,,,,,,,,,,,,,,,,,,,,,,,,,,,
Schulz_2017_wastewater.Gp0124109,,2015-01-19,,10.1126/science.aal4657,industrial wastewater [ENVO:01000964],waste water [ENVO:00002001],activated sludge [ENVO:00002046],misc,Austria,2024-08-07 18:00:19.328146,48.3,Austria: Klosterneuburg,exact_location,16.2,28386012,SAMN06343712,Schulz_2017_wastewater,942017,,,,,,,,,,,,,,,,,,,,,,,,,,,,,,,,,,,,,,,,,,,,,,,,,,,,,,,,,,,,,,,,,,,,,,,,,,,,,,,,,,,,,,,,,,,,
Schulz_2017_wastewater.Gp0124114,,2015-01-19,,10.1126/science.aal4657,industrial wastewater [ENVO:01000964],waste water [ENVO:00002001],activated sludge [ENVO:00002046],misc,Austria,2024-08-07 18:00:19.328146,48.3,Austria: Klosterneuburg,exact_location,16.2,28386012,SAMN06343714,Schulz_2017_wastewater,942017,,,,,,,,,,,,,,,,,,,,,,,,,,,,,,,,,,,,,,,,,,,,,,,,,,,,,,,,,,,,,,,,,,,,,,,,,,,,,,,,,,,,,,,,,,,,
Schulz_2017_wastewater.Gp0124116,,2015-01-19,,10.1126/science.aal4657,industrial wastewater [ENVO:01000964],waste water [ENVO:00002001],activated sludge [ENVO:00002046],misc,Austria,2024-08-07 18:00:19.328146,48.3,Austria: Klosterneuburg,exact_location,16.2,28386012,SAMN06343715,Schulz_2017_wastewater,942017,,,,,,,,,,,,,,,,,,,,,,,,,,,,,,,,,,,,,,,,,,,,,,,,,,,,,,,,,,,,,,,,,,,,,,,,,,,,,,,,,,,,,,,,,,,,
Schulz_2017_wastewater.Gp0124117,,2015-01-05,,10.1126/science.aal4657,industrial wastewater [ENVO:01000964],waste water [ENVO:00002001],activated sludge [ENVO:00002046],misc,Austria,2024-08-07 18:00:19.328146,48.3,Austria: Klosterneuburg,exact_location,16.2,28386012,SAMN06343716,Schulz_2017_wastewater,942017,,,,,,,,,,,,,,,,,,,,,,,,,,,,,,,,,,,,,,,,,,,,,,,,,,,,,,,,,,,,,,,,,,,,,,,,,,,,,,,,,,,,,,,,,,,,
Schulz_2017_wastewater.Gp0124119,,2015-01-19,,10.1126/science.aal4657,industrial wastewater [ENVO:01000964],waste water [ENVO:00002001],activated sludge [ENVO:00002046],misc,Austria,2024-08-07 18:00:19.328146,48.3,Austria: Klosterneuburg,exact_location,16.2,28386012,SAMN06343717,Schulz_2017_wastewater,942017,,,,,,,,,,,,,,,,,,,,,,,,,,,,,,,,,,,,,,,,,,,,,,,,,,,,,,,,,,,,,,,,,,,,,,,,,,,,,,,,,,,,,,,,,,,,
Schulz_2017_wastewater.Gp0124120,,2015-01-19,,10.1126/science.aal4657,industrial wastewater [ENVO:01000964],waste water [ENVO:00002001],activated sludge [ENVO:00002046],misc,Austria,2024-08-07 18:00:19.328146,48.3,Austria: Klosterneuburg,exact_location,16.2,28386012,SAMN06343718,Schulz_2017_wastewater,942017,,,,,,,,,,,,,,,,,,,,,,,,,,,,,,,,,,,,,,,,,,,,,,,,,,,,,,,,,,,,,,,,,,,,,,,,,,,,,,,,,,,,,,,,,,,,
Schulz_2017_wastewater.Gp0134305,,2015-01-19,,10.1126/science.aal4657,industrial wastewater [ENVO:01000964],waste water [ENVO:00002001],activated sludge [ENVO:00002046],misc,Austria,2024-08-07 18:00:19.328146,48.3,"Austria:Klosterneuburg, Austria",exact_location,16.2,28386012,SAMN05720153,Schulz_2017_wastewater,942017,,,,,,,,,,,,,,,,,,,,,,,,,,,,,,,,,,,,,,,,,,,,,,,,,,,,,,,,,,,,,,,,,,,,,,,,,,,,,,,,,,,,,,,,,,,,
Schulz_2017_wastewater.Gp0153748,,2015-01-05,,10.1126/science.aal4657,industrial wastewater [ENVO:01000964],waste water [ENVO:00002001],activated sludge [ENVO:00002046],misc,Austria,2024-08-07 18:00:19.328146,48.3,Austria: Klosterneuburg,exact_location,16.2,28386012,SAMN05720180,Schulz_2017_wastewater,942017,,,,,,,,,,,,,,,,,,,,,,,,,,,,,,,,,,,,,,,,,,,,,,,,,,,,,,,,,,,,,,,,,,,,,,,,,,,,,,,,,,,,,,,,,,,,
Schulz_2017_wastewater.Gp0153749,,2015-01-05,,10.1126/science.aal4657,industrial wastewater [ENVO:01000964],waste water [ENVO:00002001],activated sludge [ENVO:00002046],misc,Austria,2024-08-07 18:00:19.328146,48.3,Austria: Klosterneuburg,exact_location,16.2,28386012,SAMN05720179,Schulz_2017_wastewater,942017,,,,,,,,,,,,,,,,,,,,,,,,,,,,,,,,,,,,,,,,,,,,,,,,,,,,,,,,,,,,,,,,,,,,,,,,,,,,,,,,,,,,,,,,,,,,
Schulz_2017_wastewater.Gp0153750,,2015-01-05,,10.1126/science.aal4657,industrial wastewater [ENVO:01000964],waste water [ENVO:00002001],activated sludge [ENVO:00002046],misc,Austria,2024-08-07 18:00:19.328146,48.3,Austria: Klosterneuburg,exact_location,16.2,28386012,SAMN05720150,Schulz_2017_wastewater,942017,,,,,,,,,,,,,,,,,,,,,,,,,,,,,,,,,,,,,,,,,,,,,,,,,,,,,,,,,,,,,,,,,,,,,,,,,,,,,,,,,,,,,,,,,,,,
Schulz_2017_wastewater.Gp0153751,,2015-01-05,,10.1126/science.aal4657,industrial wastewater [ENVO:01000964],waste water [ENVO:00002001],activated sludge [ENVO:00002046],misc,Austria,2024-08-07 18:00:19.328146,48.3,Austria: Klosterneuburg,exact_location,16.2,28386012,SAMN05720178,Schulz_2017_wastewater,942017,,,,,,,,,,,,,,,,,,,,,,,,,,,,,,,,,,,,,,,,,,,,,,,,,,,,,,,,,,,,,,,,,,,,,,,,,,,,,,,,,,,,,,,,,,,,
Schulz_2017_wastewater.Gp0153752,,2015-01-19,,10.1126/science.aal4657,industrial wastewater [ENVO:01000964],waste water [ENVO:00002001],activated sludge [ENVO:00002046],misc,Austria,2024-08-07 18:00:19.328146,48.3,Austria: Klosterneuburg,exact_location,16.2,28386012,SAMN05720151,Schulz_2017_wastewater,942017,,,,,,,,,,,,,,,,,,,,,,,,,,,,,,,,,,,,,,,,,,,,,,,,,,,,,,,,,,,,,,,,,,,,,,,,,,,,,,,,,,,,,,,,,,,,
Schulz_2017_wastewater.Gp0156527,,2014-02-16,,10.1126/science.aal4657,industrial wastewater [ENVO:01000964],waste water [ENVO:00002001],activated sludge [ENVO:00002046],misc,Austria,2024-08-07 18:00:19.328146,48.3,Austria: Klosterneuburg,exact_location,16.2,28386012,SAMN07632618,Schulz_2017_wastewater,942017,,,,,,,,,,,,,,,,,,,,,,,,,,,,,,,,,,,,,,,,,,,,,,,,,,,,,,,,,,,,,,,,,,,,,,,,,,,,,,,,,,,,,,,,,,,,
Schulz_2017_wastewater.Gp0175830,,2016-06-13,,10.1126/science.aal4657,industrial wastewater [ENVO:01000964],waste water [ENVO:00002001],activated sludge [ENVO:00002046],misc,Austria,2024-08-07 18:00:19.328146,48.3,Austria: Klosterneuburg,exact_location,16.2,28386012,SAMN07632290,Schulz_2017_wastewater,942017,,,,,,,,,,,,,,,,,,,,,,,,,,,,,,,,,,,,,,,,,,,,,,,,,,,,,,,,,,,,,,,,,,,,,,,,,,,,,,,,,,,,,,,,,,,,
